timestamp,temp,humi,vib_x,vib_y,vib_z
0,0.0,0.0,0,0,0
6310897,27.11,34.91,-8732,-2880,13592
6311898,27.1,34.86,-8780,-2940,13748
6312900,27.11,34.77,-8812,-2964,13624
6313901,27.11,34.71,-8776,-2936,13696
6315046,27.13,34.58,-8760,-2972,13536
6316047,27.12,34.54,-8772,-2960,13596
6317049,27.14,34.48,-8840,-2936,13680
6318051,27.13,34.44,-8764,-2812,13712
6319052,27.14,34.33,-8852,-2980,13812
6320054,27.15,34.4,-8788,-2940,13584
6321055,27.14,34.39,-8384,-3052,13752
6322057,27.15,34.43,-8868,-2988,13608
6323058,27.18,34.69,-8716,-2952,13568
6324060,27.17,34.62,-8784,-2948,13564
6325061,27.15,34.75,-8772,-2984,13644
6326063,27.17,34.71,-8860,-2972,13628
6327065,27.15,34.53,-8748,-2876,13632
6328066,27.16,34.59,-8884,-2844,13608
6329068,27.16,34.61,-8792,-2912,13584
6330069,27.16,34.51,-8828,-2920,13600
6331071,27.15,34.45,-8804,-2936,13552
6332072,27.16,34.38,-8832,-3008,13588
6333074,27.16,34.26,-8836,-2924,13628
6334075,27.15,34.24,-8820,-2880,13612
6335220,27.16,34.08,-8804,-2888,13588
6336222,27.14,34.04,-8800,-2900,13620
6337223,27.17,34.05,-8812,-2948,13532
6338225,27.15,34.09,-8824,-2944,13672
6339226,27.15,34.19,-8808,-2884,13680
6340228,27.15,34.27,-8896,-2948,13664
6341229,27.16,34.36,-8788,-2932,13576
6342231,27.15,34.3,-8776,-2908,13620
6343232,27.16,34.43,-8808,-2932,13664
6344234,27.16,34.51,-8748,-2924,13672
6345236,27.14,34.59,-8864,-2996,13584
6346237,27.15,34.54,-8776,-2828,13696
6347239,27.14,34.54,-8844,-3008,13584
6348241,27.16,34.35,-8792,-2924,13596
6349242,27.15,34.54,-8848,-2920,13624
6350244,27.17,34.59,-8820,-2884,13524
6351246,27.16,34.52,-8808,-2924,13572
6352247,27.15,34.6,-8800,-2880,13664
6353248,27.14,34.54,-8848,-2904,13624
6354250,27.15,34.47,-8760,-2956,13572
6355252,27.15,34.42,-8872,-3012,13588
6356253,27.15,34.29,-8868,-2996,13664
6357398,27.15,34.31,-8772,-2900,13604
6358399,27.16,34.26,-8120,-3248,13772
6359401,27.14,34.19,-8724,-2912,13672
4116683,26.84,40.5,-884,-2312,16332
4117684,26.89,40.42,-856,-2280,16324
4118686,26.89,40.32,-968,-2272,16384
0,0.0,0.0,0,0,0
9742823,27.92,40.2,-640,-748,16476
9743824,27.95,40.14,-640,-780,16536
9744826,27.97,40.16,-596,-744,16404
9745827,27.97,40.24,-648,-768,16428
9746829,27.96,40.11,-568,-732,16484
9747973,27.98,40.3,-648,-764,16324
9748974,27.97,40.3,-580,-720,16380
9749976,27.98,40.2,-592,-708,16392
9750977,27.99,40.09,-656,-724,16404
9751979,27.99,40.01,-632,-740,16608
9752980,28.01,39.93,-572,-720,16596
9753982,28.0,40.07,-632,-772,16472
9754983,27.99,40.03,-644,-708,16496
9755985,28.0,40.13,-648,-772,16472
9756986,28.01,40.13,-664,-812,16452
9757987,27.97,39.91,-616,-796,16540
9758989,28.01,40.19,-668,-764,16420
9759990,28.02,40.22,-628,-756,16364
9760992,28.02,40.2,-672,-680,16508
9761993,28.0,40.11,-604,-740,16464
9762995,27.99,39.81,-692,-776,16604
9763996,27.99,39.65,-608,-772,16464
9765141,28.01,39.64,-624,-732,16572
9766142,27.99,39.5,-616,-828,16472
9767144,27.99,39.33,-664,-752,16556
9768145,27.99,39.24,-624,-760,16436
9769147,27.96,39.09,-640,-768,16420
9770148,27.97,38.96,-656,-740,16304
9771149,27.97,38.86,-608,-784,16448
9772151,27.96,38.71,-600,-752,16520
9773152,27.95,38.6,-664,-748,16480
9774153,27.94,38.51,-636,-816,16440
9775155,27.94,38.47,-596,-812,16400
9776156,27.94,38.39,-648,-740,16480
9777157,27.97,38.32,-588,-808,16512
9778159,27.94,38.29,-676,-760,16456
9779160,27.95,38.21,-604,-816,16532
9780161,27.94,38.16,-660,-772,16532
9781163,27.93,38.02,-676,-820,16460
9782307,27.94,38.0,-680,-852,16404
9783309,27.94,37.82,-588,-720,16352
9784310,27.94,37.79,-640,-764,16388
9785311,27.94,37.86,-612,-792,16428
9786313,27.94,37.84,-584,-716,16476
9787314,27.93,37.8,-648,-768,16400
9788315,27.95,37.74,-648,-800,16404
9789316,27.93,37.71,-584,-716,16548
9790318,27.91,37.67,-616,-708,16508
9791320,27.92,37.63,-676,-748,16400
9792321,27.93,37.65,-612,-760,16444
9793323,27.93,37.48,-584,-720,16476
9794324,27.91,37.55,-664,-800,16464
9795326,27.91,37.58,-644,-748,16480
9796471,27.91,37.56,-632,-788,16444
9797472,27.92,37.51,-584,-804,16440
9798474,27.91,37.51,-684,-764,16456
9799475,27.88,37.48,-568,-736,16524
9800477,27.91,37.49,-648,-780,16428
9801478,27.9,37.49,-588,-688,16484
9802480,27.9,37.49,-632,-808,16412
9803481,27.88,37.48,-684,-736,16368
9804482,27.88,37.45,-644,-780,16404
9805484,27.88,37.35,-672,-772,16476
9806485,27.89,37.52,-680,-792,16508
9807487,27.9,37.43,-668,-816,16536
9808488,27.9,37.44,-672,-752,16476
9809490,27.88,37.46,-656,-700,16476
9810491,27.89,37.39,-584,-788,16356
9811492,27.89,37.28,-628,-708,16436
9812494,27.88,37.34,-652,-744,16424
9813495,27.91,37.41,-612,-696,16360
9814497,27.89,37.36,-636,-792,16444
9815498,27.87,37.37,-668,-772,16520
9816499,27.87,37.36,-660,-728,16500
9817501,27.87,37.39,-628,-768,16552
9818645,27.86,37.33,-660,-752,16488
9819647,27.89,37.38,-628,-728,16360
9820648,27.88,37.47,-636,-712,16544
9821650,27.86,37.45,-656,-696,16428
9822651,27.87,37.51,-692,-780,16536
9823653,27.87,37.38,-688,-784,16572
9824654,27.87,37.53,-644,-736,16484
9825656,27.87,37.52,-604,-740,16480
9826657,27.86,37.43,-636,-740,16468
9827658,27.87,37.57,-664,-748,16512
9828660,27.87,37.54,-680,-708,16432
9829661,27.86,37.47,-592,-740,16420
9830663,27.86,37.47,-652,-728,16404
9831664,27.86,37.43,-664,-756,16500
9832665,27.84,37.49,-664,-724,16448
9833667,27.86,37.37,-628,-724,16536
9834668,27.84,37.47,-680,-728,16400
9835670,27.84,37.5,-652,-744,16516
9836671,27.83,37.47,-636,-784,16508
9837673,27.84,37.4,-640,-708,16472
9838674,27.84,37.55,-684,-680,16444
9839675,27.82,37.51,-668,-740,16616
9840677,27.82,37.47,-624,-756,16532
9841678,27.85,37.5,-624,-724,16560
9842823,27.82,37.45,-644,-736,16512
9843824,27.82,37.35,-604,-696,16520
9844825,27.84,37.42,-648,-704,16604
9845826,27.82,37.32,-676,-752,16472
9846828,27.81,37.27,-588,-712,16428
9847829,27.84,37.36,-580,-728,16420
9848831,27.85,37.36,-712,-712,16332
9849832,27.83,37.34,-660,-720,16488
9850834,27.82,37.32,-644,-676,16468
9851835,27.83,37.21,-604,-736,16452
9852837,27.84,37.24,-608,-724,16516
9853838,27.83,37.28,-640,-736,16408
9854839,27.84,37.26,-716,-740,16468
9855841,27.82,37.26,-568,-712,16532
9856842,27.83,37.21,-644,-764,16468
9857844,27.82,37.22,-576,-716,16428
9858845,27.8,37.17,-628,-764,16572
9859846,27.83,37.18,-592,-732,16376
9860848,27.82,37.19,-628,-664,16464
9861849,27.83,37.25,-628,-784,16532
9862851,27.82,37.28,-580,-760,16464
9863995,27.82,37.3,-584,-688,16436
9864997,27.8,37.27,-692,-732,16476
9865998,27.82,37.34,-664,-776,16516
9867000,27.83,37.38,-668,-760,16612
9868001,27.81,37.39,-664,-772,16412
9869002,27.79,37.28,-532,-712,16500
9870004,27.81,37.33,-660,-684,16488
9871005,27.78,37.42,-644,-728,16444
9872006,27.8,37.48,-724,-732,16480
9873008,27.79,37.48,-644,-748,16500
9874009,27.81,37.49,-620,-692,16404
9875010,27.82,37.58,-728,-700,16372
9876012,27.83,37.59,-620,-700,16420
9877013,27.8,37.37,-620,-720,16400
9878014,27.79,37.56,-664,-756,16508
9879016,27.79,37.51,-648,-700,16428
9880017,27.8,37.51,-668,-776,16532
9881162,27.81,37.59,-604,-672,16428
9882164,27.79,37.54,-576,-732,16540
9883165,27.81,37.49,-608,-732,16560
9884166,27.78,37.6,-632,-796,16412
9885168,27.78,37.62,-668,-668,16440
9886169,27.77,37.54,-656,-772,16496
9887170,27.78,37.69,-704,-744,16380
9888172,27.78,37.48,-648,-732,16356
9889173,27.78,37.52,-664,-740,16508
9890175,27.77,37.6,-624,-744,16504
9891176,27.76,37.6,-612,-728,16484
9892178,27.75,37.62,-604,-760,16428
9893179,27.77,37.49,-632,-756,16460
9894180,27.76,37.64,-632,-732,16448
9895182,27.76,37.51,-684,-724,16464
9896183,27.75,37.52,-592,-724,16560
9897327,27.73,37.62,-676,-728,16404
9898329,27.73,37.52,-640,-776,16396
9899330,27.73,37.64,-652,-704,16540
9900332,27.73,37.66,-636,-732,16544
9901333,27.73,37.54,-620,-708,16456
9902334,27.72,37.67,-684,-696,16500
9903336,27.73,37.71,-672,-740,16424
9904337,27.73,37.67,-652,-712,16452
9905339,27.74,37.69,-676,-708,16572
9906340,27.73,37.53,-616,-756,16356
9907342,27.74,37.67,-664,-720,16496
9908343,27.74,37.69,-600,-664,16440
9909345,27.73,37.71,-596,-740,16488
9910346,27.72,37.7,-660,-776,16408
9911347,27.72,37.57,-632,-720,16432
9912349,27.74,37.72,-612,-740,16516
9913350,27.71,37.59,-652,-720,16508
9914352,27.72,37.73,-608,-744,16544
9915353,27.73,37.75,-664,-724,16492
9916498,27.71,37.75,-636,-792,16488
9917499,27.7,37.58,-644,-732,16512
9918501,27.71,37.73,-648,-740,16544
9919502,27.7,37.66,-652,-692,16464
9920504,27.68,37.67,-636,-756,16452
9921505,27.7,37.65,-648,-728,16428
9922507,27.67,37.54,-668,-696,16456
9923508,27.68,37.69,-544,-740,16440
9924510,27.66,37.65,-644,-704,16424
9925511,27.68,37.64,-612,-676,16404
9926513,27.7,37.63,-656,-740,16484
9927514,27.69,37.68,-604,-700,16476
9928515,27.69,37.73,-636,-776,16496
9929516,27.68,37.57,-720,-700,16440
9930518,27.68,37.76,-652,-740,16472
9931519,27.69,37.72,-656,-696,16408
9932521,27.71,37.72,-660,-796,16460
9933522,27.69,37.71,-636,-800,16516
9934524,27.71,37.72,-648,-696,16440
9935525,27.7,37.69,-624,-660,16556
9936527,27.69,37.67,-636,-736,16612
9937671,27.71,37.69,-624,-720,16368
9938673,27.71,37.74,-612,-688,16428
9939674,27.69,37.74,-644,-808,16500
9940676,27.68,37.69,-664,-688,16456
9941677,27.69,37.72,-676,-792,16452
9942678,27.68,37.68,-680,-692,16348
9943680,27.68,37.74,-628,-780,16456
9944682,27.67,37.78,-672,-692,16468
9945683,27.68,37.76,-664,-784,16536
9946685,27.67,37.74,-652,-768,16512
9947686,27.66,37.79,-620,-728,16468
9948688,27.65,37.63,-648,-708,16520
9949689,27.67,37.7,-708,-724,16380
9950691,27.69,37.77,-640,-744,16468
9951692,27.68,37.63,-644,-700,16460
9952694,27.69,37.67,-628,-684,16416
9953695,27.67,37.74,-664,-692,16444
9954696,27.68,37.74,-644,-768,16536
9955698,27.66,37.73,-616,-688,16576
9956699,27.69,37.77,-600,-724,16500
9957701,27.67,37.76,-636,-716,16464
9958702,27.69,37.77,-596,-732,16348
9959704,27.68,37.71,-676,-752,16388
9960848,27.68,37.69,-580,-728,16584
9961850,27.69,37.64,-644,-764,16436
9962851,27.69,37.58,-624,-736,16456
9963852,27.68,37.6,-684,-668,16604
9964854,27.69,37.64,-652,-668,16528
9965855,27.67,37.65,-664,-748,16464
9966857,27.66,37.51,-660,-712,16456
9967858,27.69,37.62,-600,-728,16412
9968859,27.69,37.63,-596,-776,16392
9969861,27.7,37.51,-588,-728,16612
9970862,27.67,37.6,-628,-740,16484
9971863,27.68,37.69,-684,-724,16480
9972865,27.69,37.66,-664,-716,16392
9973866,27.69,37.75,-644,-764,16488
9974868,27.66,37.77,-624,-680,16464
9975869,27.67,37.81,-700,-748,16424
9976871,27.67,37.79,-660,-748,16492
9977872,27.69,37.81,-564,-720,16400
9979016,27.68,37.71,-636,-752,16460
9980018,27.71,38.06,-604,-736,16480
9981019,27.69,38.23,-612,-720,16424
9982020,27.72,38.37,-620,-780,16396
9983022,27.73,38.41,-700,-780,16444
9984023,27.73,38.42,-656,-712,16424
9985025,27.71,38.57,-608,-732,16560
9986026,27.72,38.53,-648,-736,16524
9987028,27.71,38.7,-632,-744,16540
9988029,27.72,38.79,-540,-704,16428
9989030,27.73,39.01,-660,-728,16468
9990032,27.73,39.05,-624,-668,16476
9991033,27.74,39.28,-608,-796,16564
9992035,27.74,39.32,-644,-748,16428
9993036,27.73,39.5,-640,-784,16432
9994038,27.74,39.67,-652,-768,16444
9995182,27.75,39.74,-680,-760,16496
9996184,27.74,39.77,-632,-700,16424
9997185,27.74,39.71,-608,-728,16496
9998186,27.74,39.66,-628,-752,16448
9999188,27.76,39.68,-660,-700,16380
10000189,27.74,39.64,-632,-768,16496
10001191,27.74,39.58,-596,-760,16448
10002192,27.74,39.58,-608,-744,16444
10003194,27.72,39.52,-560,-784,16524
10004195,27.73,39.47,-576,-712,16516
10005196,27.74,39.49,-696,-692,16540
10006198,27.75,39.42,-664,-816,16412
10007199,27.75,39.22,-644,-752,16528
10008201,27.73,39.34,-724,-784,16472
10009202,27.72,39.38,-612,-780,16520
10010204,27.75,39.44,-604,-724,16400
10011205,27.75,39.44,-676,-724,16528
10012350,27.74,39.39,-624,-780,16412
10013352,27.73,39.42,-684,-724,16500
10014353,27.74,39.3,-644,-744,16552
10015355,27.71,39.32,-632,-740,16460
10016357,27.72,39.3,-592,-724,16388
10017358,27.73,39.31,-620,-728,16384
10018359,27.72,39.22,-632,-744,16388
10019361,27.71,39.36,-664,-772,16420
10020362,27.72,39.35,-564,-728,16388
10021363,27.73,39.39,-648,-752,16524
10022365,27.74,39.55,-664,-740,16432
10023366,27.74,39.39,-640,-724,16376
10024368,27.74,39.53,-620,-760,16516
10025370,27.73,39.54,-624,-744,16512
10026371,27.72,39.41,-712,-708,16464
10027372,27.71,39.52,-644,-732,16508
10028374,27.74,39.51,-680,-720,16472
10029375,27.73,39.62,-636,-688,16448
10030377,27.73,39.62,-600,-760,16488
10031378,27.73,39.59,-584,-732,16340
10032379,27.74,39.5,-592,-720,16480
10033380,27.75,39.5,-596,-692,16416
10034525,27.72,39.39,-612,-748,16480
10035526,27.73,39.29,-656,-704,16456
10036527,27.73,39.39,-672,-700,16548
10037529,27.7,39.46,-660,-764,16484
10038530,27.73,39.47,-624,-764,16536
10039531,27.71,39.35,-656,-728,16520
10040533,27.73,39.28,-652,-720,16416
10041534,27.72,39.24,-664,-748,16416
10042536,27.71,39.18,-660,-672,16456
10043537,27.71,39.08,-632,-732,16440
10044538,27.71,38.91,-664,-784,16384
10045540,27.72,38.96,-664,-768,16372
10046541,27.72,38.86,-664,-696,16420
10047542,27.72,38.9,-628,-796,16436
10048544,27.71,38.71,-712,-776,16424
10049545,27.73,38.89,-616,-728,16380
10050546,27.72,38.85,-640,-664,16520
10051547,27.71,38.83,-636,-796,16604
10052549,27.71,38.93,-676,-756,16344
10053550,27.71,39.02,-676,-760,16444
10054552,27.72,39.04,-612,-712,16604
10055553,27.73,39.01,-556,-728,16500
10056555,27.72,39.03,-584,-740,16520
10057556,27.73,39.03,-628,-724,16512
10058701,27.72,38.97,-632,-752,16584
10059702,27.72,38.97,-672,-736,16436
10060704,27.71,38.96,-676,-736,16404
10061705,27.71,38.94,-636,-792,16560
10062706,27.71,38.93,-644,-764,16432
10063707,27.7,38.88,-616,-704,16620
10064709,27.7,38.88,-676,-756,16460
10065710,27.7,38.83,-644,-728,16516
10066711,27.72,38.82,-664,-792,16464
10067713,27.69,38.77,-676,-748,16448
10068714,27.71,38.7,-660,-760,16516
10069716,27.71,38.75,-616,-756,16544
10070717,27.71,38.74,-612,-664,16528
10071718,27.69,38.72,-568,-692,16384
10072720,27.69,38.65,-668,-672,16460
10073721,27.7,38.64,-676,-752,16544
10074723,27.69,38.63,-632,-756,16484
10075724,27.69,38.61,-672,-704,16536
10076869,27.71,38.61,-640,-776,16420
10077870,27.7,38.6,-636,-764,16512
10078871,27.71,38.56,-604,-732,16464
10079872,27.69,38.51,-612,-720,16392
10080874,27.72,38.52,-620,-744,16432
10081875,27.68,38.48,-652,-776,16504
10082876,27.71,38.58,-648,-708,16480
10083877,27.69,38.54,-664,-724,16488
10084879,27.67,38.46,-612,-760,16440
10085880,27.67,38.43,-612,-740,16452
10086881,27.7,38.43,-632,-720,16420
10087883,27.7,38.4,-628,-716,16528
10088884,27.7,38.28,-636,-724,16576
10089886,27.68,38.31,-612,-740,16428
10090887,27.7,38.4,-660,-692,16396
10091889,27.69,38.36,-684,-752,16440
10093033,27.69,38.26,-664,-740,16448
10094035,27.67,38.3,-644,-752,16500
10095036,27.67,38.33,-664,-732,16456
10096038,27.69,38.28,-660,-752,16368
10097039,27.66,38.33,-684,-720,16440
10098040,27.7,38.34,-708,-712,16460
10099042,27.7,38.33,-644,-688,16476
10100043,27.69,38.33,-636,-692,16500
10101045,27.69,38.31,-676,-708,16384
10102046,27.68,38.25,-612,-704,16440
10103048,27.66,38.35,-660,-728,16508
10104049,27.68,38.3,-672,-700,16444
10105050,27.67,38.32,-656,-616,16440
10106052,27.68,38.28,-640,-708,16480
10107053,27.69,38.29,-672,-792,16456
10108055,27.69,38.21,-632,-724,16564
10109199,27.68,38.17,-624,-744,16396
10110200,27.68,38.3,-632,-756,16540
10111201,27.67,38.25,-672,-696,16520
10112203,27.66,38.19,-604,-716,16552
10113204,27.67,38.23,-672,-664,16444
10114205,27.66,38.05,-684,-696,16428
10115206,27.64,38.18,-568,-696,16552
10116208,27.64,38.14,-640,-716,16452
10117209,27.65,38.08,-684,-696,16512
10118211,27.63,37.95,-684,-804,16548
10119212,27.63,38.08,-676,-696,16468
10120213,27.64,38.09,-644,-612,16512
10121215,27.63,38.04,-644,-684,16420
10122216,27.64,38.04,-620,-768,16368
10123218,27.65,38.09,-652,-708,16472
10124219,27.62,38.04,-620,-736,16400
10125220,27.64,38.02,-572,-776,16420
10126222,27.63,38.07,-652,-700,16488
10127223,27.65,38.07,-620,-776,16428
10128224,27.63,38.04,-656,-704,16520
10129225,27.65,38.03,-616,-756,16480
10130227,27.64,38.0,-656,-688,16392
10131228,27.63,38.04,-700,-684,16476
10132373,27.63,38.07,-612,-696,16516
10133374,27.63,38.07,-600,-708,16508
10134376,27.65,38.1,-616,-772,16476
10135377,27.63,37.98,-620,-700,16476
10136378,27.62,38.12,-620,-720,16548
10137380,27.63,38.12,-664,-744,16392
10138381,27.63,38.04,-584,-752,16432
10139383,27.6,38.11,-648,-796,16508
10140384,27.62,38.2,-604,-704,16340
10141385,27.62,38.07,-676,-756,16504
10142386,27.64,38.23,-616,-724,16496
10143388,27.64,38.26,-620,-728,16380
10144389,27.63,38.32,-664,-716,16480
10145390,27.62,38.29,-588,-760,16372
10146392,27.6,38.32,-640,-736,16580
10147393,27.61,38.34,-680,-648,16556
10148394,27.62,38.34,-676,-724,16500
10149396,27.64,38.36,-604,-728,16408
10150397,27.64,38.37,-652,-716,16452
10151399,27.61,38.33,-612,-784,16440
10152400,27.63,38.47,-672,-764,16404
10153401,27.6,38.35,-644,-724,16476
10154403,27.63,38.4,-680,-672,16556
10155547,27.6,38.39,-676,-728,16504
10156548,27.62,38.42,-692,-740,16396
10157550,27.61,38.32,-624,-744,16448
10158551,27.61,38.45,-640,-684,16372
10159553,27.59,38.31,-684,-760,16516
10160554,27.62,38.36,-616,-776,16420
10161556,27.62,38.5,-644,-764,16428
10162557,27.6,38.41,-672,-712,16512
10163558,27.62,38.41,-656,-776,16552
10164560,27.61,38.49,-632,-708,16536
10165561,27.6,38.5,-664,-716,16524
10166563,27.62,38.56,-648,-784,16480
10167564,27.62,38.51,-592,-792,16488
10168566,27.59,38.44,-660,-780,16572
10169567,27.62,38.55,-628,-780,16472
10170568,27.63,38.54,-644,-768,16500
10171570,27.6,38.58,-660,-748,16456
10172571,27.6,38.55,-620,-760,16484
10173573,27.59,38.47,-612,-708,16476
10174717,27.61,38.63,-644,-696,16408
10175719,27.61,38.52,-680,-716,16392
10176720,27.62,38.66,-576,-784,16452
10177722,27.63,38.71,-656,-760,16496
10178723,27.62,38.69,-652,-712,16480
10179724,27.62,38.67,-592,-744,16480
10180726,27.62,38.7,-644,-744,16492
10181727,27.62,38.73,-640,-756,16472
10182729,27.61,38.72,-684,-644,16440
10183730,27.62,38.75,-656,-672,16392
10184731,27.61,38.77,-608,-736,16484
10185733,27.62,38.82,-600,-740,16500
10186734,27.61,38.8,-632,-728,16400
10187735,27.6,38.84,-632,-720,16520
10188737,27.6,38.83,-636,-692,16452
10189738,27.62,38.83,-640,-724,16404
10190740,27.59,38.84,-684,-744,16432
10191884,27.59,38.86,-664,-744,16484
10192886,27.6,38.86,-648,-736,16472
10193887,27.61,38.83,-668,-756,16376
10194889,27.63,38.91,-644,-732,16400
10195890,27.61,38.89,-580,-760,16468
10196891,27.6,38.8,-612,-796,16420
10197893,27.61,38.87,-620,-732,16436
10198894,27.6,38.88,-660,-744,16448
10199895,27.61,38.94,-656,-752,16408
10200897,27.62,38.78,-628,-720,16428
10201898,27.6,38.9,-660,-712,16572
10202899,27.58,38.86,-604,-688,16468
10203901,27.61,38.91,-564,-736,16420
10204902,27.62,38.91,-636,-744,16436
10205903,27.61,38.89,-564,-740,16552
10206905,27.6,38.81,-636,-672,16508
10207906,27.6,38.99,-664,-736,16520
10209051,27.6,38.95,-544,-740,16404
10210052,27.61,38.94,-636,-740,16496
10211054,27.6,39.06,-636,-676,16440
10212055,27.61,38.96,-676,-724,16456
10213057,27.6,39.03,-628,-712,16440
10214058,27.6,39.03,-640,-768,16576
10215059,27.61,39.04,-564,-776,16460
10216061,27.6,39.07,-640,-752,16408
10217062,27.61,39.06,-664,-776,16524
10218063,27.6,38.98,-624,-764,16536
10219065,27.62,39.03,-632,-804,16412
10220066,27.62,39.04,-640,-792,16472
10221068,27.62,39.08,-684,-788,16472
10222069,27.61,39.03,-592,-728,16432
10223071,27.62,39.06,-632,-772,16468
10224072,27.59,39.06,-644,-700,16528
10225073,27.62,39.14,-588,-760,16556
10226075,27.6,39.12,-636,-740,16320
10227076,27.59,38.97,-644,-724,16412
10228077,27.61,39.15,-668,-808,16504
10229079,27.59,39.09,-612,-712,16548
10230080,27.61,39.1,-700,-776,16496
10231225,27.61,39.11,-616,-736,16376
10232226,27.61,39.11,-608,-696,16468
10233227,27.61,39.13,-660,-748,16536
10234229,27.62,39.0,-680,-780,16504
10235230,27.62,39.13,-644,-804,16548
10236232,27.62,39.12,-684,-772,16452
10237233,27.6,39.1,-644,-704,16428
10238235,27.61,39.02,-580,-744,16504
10239236,27.62,39.08,-672,-752,16396
10240237,27.62,38.96,-628,-680,16492
10241239,27.61,38.98,-688,-724,16372
10242240,27.61,39.14,-624,-712,16540
10243241,27.62,39.09,-624,-772,16472
10244243,27.65,39.07,-628,-716,16448
10245244,27.62,39.02,-692,-764,16492
10246245,27.63,39.05,-596,-724,16408
10247247,27.63,39.03,-676,-776,16416
10248248,27.61,39.0,-676,-736,16448
10249250,27.63,38.9,-620,-744,16460
10250251,27.62,38.88,-632,-744,16488
10251253,27.63,38.99,-652,-708,16464
10252254,27.65,38.95,-608,-744,16576
10253256,27.62,39.02,-584,-776,16416
10254257,27.63,38.91,-656,-648,16452
10255401,27.63,39.01,-680,-676,16528
10256403,27.63,39.01,-660,-752,16524
10257404,27.62,38.95,-616,-764,16416
10258405,27.62,39.01,-668,-688,16460
10259407,27.6,38.99,-656,-776,16444
10260408,27.61,38.89,-664,-688,16540
10261410,27.6,39.03,-604,-724,16472
10262411,27.59,38.99,-676,-748,16484
10263412,27.61,38.97,-652,-748,16468
10264414,27.63,38.93,-616,-696,16584
10265415,27.61,38.99,-620,-676,16376
10266417,27.61,39.01,-684,-720,16428
10267418,27.63,39.01,-652,-764,16552
10268420,27.59,38.98,-656,-724,16596
10269421,27.59,38.95,-620,-768,16448
10270422,27.61,38.97,-664,-728,16480
10271424,27.6,39.0,-648,-752,16420
10272425,27.62,39.03,-632,-736,16396
10273426,27.6,39.02,-640,-776,16440
10274428,27.6,38.91,-608,-704,16464
10275429,27.6,38.96,-636,-680,16576
10276574,27.61,39.02,-664,-672,16472
10277575,27.6,39.05,-584,-800,16508
10278576,27.6,39.01,-640,-800,16580
10279578,27.58,39.02,-696,-756,16392
10280579,27.62,39.07,-644,-768,16456
10281581,27.6,39.09,-608,-808,16472
10282582,27.6,39.11,-668,-704,16484
10283584,27.59,39.06,-660,-760,16468
10284585,27.58,39.07,-628,-716,16524
10285586,27.59,39.04,-708,-740,16524
10286588,27.6,39.02,-648,-676,16484
10287589,27.61,39.03,-612,-804,16488
10288590,27.62,38.94,-696,-728,16456
10289592,27.63,39.04,-580,-752,16488
10290593,27.61,39.08,-628,-708,16456
10291595,27.62,39.09,-664,-744,16452
10292596,27.6,39.08,-704,-704,16540
10293740,27.62,39.08,-644,-776,16388
10294742,27.61,39.11,-664,-764,16424
10295743,27.62,39.15,-624,-708,16444
10296745,27.6,39.11,-644,-744,16428
10297746,27.61,39.1,-616,-728,16544
10298748,27.6,39.12,-616,-772,16444
10299749,27.61,39.21,-660,-716,16524
10300750,27.61,39.19,-660,-716,16500
10301752,27.62,39.21,-632,-724,16372
10302753,27.59,39.19,-624,-748,16460
10303754,27.6,39.05,-592,-720,16392
10304756,27.61,39.09,-664,-772,16464
10305757,27.6,39.23,-648,-768,16400
10306759,27.6,39.11,-632,-708,16496
10307760,27.6,39.28,-664,-728,16592
10308762,27.61,39.28,-660,-700,16548
10309906,27.6,39.22,-652,-680,16508
10310908,27.62,39.25,-680,-708,16460
10311909,27.62,39.23,-640,-724,16476
10312910,27.6,39.1,-640,-708,16524
10313912,27.62,39.18,-588,-672,16476
10314913,27.62,39.16,-668,-736,16472
10315914,27.61,39.14,-548,-764,16600
10316916,27.61,39.14,-656,-696,16536
10317917,27.61,39.17,-652,-724,16500
10318918,27.6,39.19,-688,-764,16456
10319920,27.6,39.21,-640,-776,16388
10320921,27.59,39.19,-652,-688,16496
10321922,27.58,39.18,-624,-772,16428
10322924,27.59,39.18,-668,-740,16444
10323925,27.59,39.17,-668,-740,16576
10324927,27.59,39.21,-644,-712,16492
10325928,27.62,39.18,-624,-756,16576
10326930,27.6,39.1,-676,-772,16436
10327931,27.62,39.24,-644,-688,16572
10329076,27.61,39.19,-648,-776,16488
10330077,27.6,39.19,-636,-796,16540
10331078,27.61,39.22,-644,-752,16500
10332080,27.6,39.16,-644,-780,16484
10333081,27.61,39.23,-564,-732,16468
10334082,27.63,39.15,-660,-648,16460
10335084,27.63,39.13,-648,-676,16440
10336085,27.62,39.19,-640,-736,16424
10337086,27.6,39.22,-620,-696,16480
10338088,27.61,39.21,-608,-736,16468
10339089,27.63,39.23,-632,-740,16544
10340091,27.62,39.06,-660,-744,16548
10341092,27.63,39.22,-600,-720,16388
10342094,27.63,39.22,-624,-708,16424
10343095,27.63,39.2,-668,-696,16484
10344096,27.65,39.17,-672,-720,16420
10345097,27.66,39.21,-688,-692,16440
10346099,27.66,39.08,-680,-716,16504
10347100,27.65,39.22,-612,-780,16528
10348102,27.65,39.21,-612,-780,16412
10349103,27.67,39.08,-616,-760,16396
10350105,27.65,39.2,-660,-716,16512
10351106,27.65,39.13,-640,-684,16596
10352250,27.65,39.23,-556,-760,16596
10353252,27.66,39.25,-640,-776,16444
10354253,27.64,39.22,-628,-704,16412
10355255,27.66,39.3,-576,-760,16472
10356256,27.64,39.21,-628,-720,16584
10357257,27.65,39.15,-628,-700,16440
10358259,27.66,39.26,-624,-784,16504
10359260,27.64,39.3,-692,-748,16308
10360261,27.66,39.31,-616,-744,16528
10361263,27.65,39.17,-652,-756,16428
10362264,27.62,39.37,-612,-748,16444
10363265,27.62,39.35,-688,-752,16572
10364267,27.63,39.39,-616,-752,16464
10365268,27.64,39.26,-612,-700,16440
10366269,27.64,39.3,-604,-740,16500
10367271,27.64,39.46,-612,-732,16452
10368273,27.62,39.48,-656,-728,16440
10369274,27.65,39.43,-620,-684,16544
10370276,27.64,39.44,-652,-748,16532
10371277,27.65,39.47,-668,-752,16520
10372278,27.65,39.45,-688,-724,16436
10373279,27.63,39.42,-628,-708,16500
10374424,27.64,39.46,-668,-712,16508
10375425,27.63,39.43,-612,-720,16408
10376427,27.64,39.42,-700,-724,16544
10377428,27.66,39.46,-596,-720,16428
10378429,27.63,39.44,-632,-728,16440
10379430,27.6,39.36,-600,-700,16572
10380432,27.63,39.32,-612,-764,16388
10381433,27.62,39.32,-660,-716,16588
10382434,27.63,39.35,-612,-700,16508
10383436,27.63,39.33,-600,-668,16396
10384437,27.64,39.29,-680,-748,16440
10385438,27.64,39.35,-544,-740,16432
10386440,27.62,39.34,-604,-700,16472
10387441,27.64,39.31,-656,-776,16508
10388443,27.62,39.3,-596,-740,16500
10389444,27.62,39.35,-688,-728,16448
10390446,27.63,39.28,-680,-740,16404
10391590,27.62,39.25,-592,-752,16576
10392592,27.61,39.25,-632,-776,16464
10393593,27.63,39.12,-636,-696,16532
10394594,27.64,39.14,-600,-744,16428
10395596,27.66,39.11,-580,-804,16584
10396597,27.64,38.92,-604,-676,16532
10397598,27.64,39.05,-556,-748,16504
10398600,27.65,38.93,-672,-736,16544
10399601,27.64,39.04,-660,-700,16452
10400602,27.64,38.98,-584,-700,16528
10401604,27.66,38.97,-628,-676,16480
10402605,27.66,38.87,-712,-708,16488
10403606,27.65,38.9,-616,-784,16484
10404608,27.63,38.83,-632,-660,16432
10405609,27.64,38.8,-552,-792,16472
10406611,27.64,38.71,-636,-804,16484
10407612,27.63,38.82,-616,-692,16412
10408757,27.65,38.8,-628,-728,16532
10409758,27.63,38.82,-656,-760,16516
10410759,27.63,38.72,-672,-732,16360
10411761,27.64,38.74,-628,-692,16508
10412762,27.64,38.64,-640,-736,16488
10413764,27.63,38.79,-644,-712,16396
10414765,27.64,38.75,-652,-736,16456
10415767,27.6,38.63,-680,-732,16592
10416768,27.61,38.68,-632,-688,16376
10417770,27.62,38.71,-576,-788,16404
10418771,27.62,38.61,-696,-732,16464
10419772,27.62,38.7,-628,-784,16492
10420773,27.63,38.62,-692,-748,16416
10421775,27.61,38.64,-596,-756,16424
10422776,27.6,38.62,-584,-804,16404
10423777,27.62,38.65,-596,-732,16528
10424779,27.61,38.68,-544,-756,16388
10425780,27.61,38.66,-548,-800,16492
10426925,27.62,38.66,-544,-768,16512
10427926,27.62,38.66,-532,-776,16492
10428928,27.6,38.63,-524,-748,16396
10429929,27.62,38.66,-704,-768,16468
10430931,27.62,38.56,-592,-672,16444
10431932,27.64,38.61,-612,-660,16552
10432934,27.63,38.63,-664,-668,16380
10433935,27.61,38.59,-620,-656,16472
10434937,27.63,38.68,-648,-728,16456
10435938,27.61,38.73,-524,-688,16552
10436940,27.62,38.57,-620,-720,16588
10437941,27.64,38.75,-580,-676,16412
10438943,27.64,38.69,-600,-712,16400
10439944,27.63,38.59,-608,-620,16560
10440945,27.63,38.73,-600,-664,16516
10441946,27.63,38.7,-632,-700,16432
10442948,27.66,38.71,-600,-700,16476
10443949,27.65,38.77,-652,-696,16396
10444950,27.63,38.85,-696,-668,16424
10445952,27.65,38.83,-624,-620,16384
10446953,27.64,38.79,-700,-640,16408
10447955,27.65,38.88,-632,-652,16492
10448956,27.64,38.89,-604,-732,16480
10450101,27.66,38.88,-592,-648,16456
10451102,27.65,38.91,-604,-680,16396
10452104,27.66,38.89,-592,-644,16532
10453105,27.65,38.88,-524,-656,16516
10454107,27.64,38.87,-612,-688,16468
10455108,27.62,38.86,-636,-740,16552
10456109,27.65,38.9,-612,-692,16364
10457111,27.65,38.91,-628,-696,16572
10458112,27.64,38.84,-568,-632,16496
10459113,27.64,38.78,-640,-668,16508
10460114,27.62,38.71,-576,-680,16448
10461116,27.65,38.78,-620,-656,16476
10462117,27.63,38.81,-560,-648,16468
10463118,27.62,38.71,-640,-664,16456
10464120,27.62,38.77,-576,-704,16432
10465121,27.63,38.77,-552,-720,16480
10466123,27.63,38.84,-576,-636,16512
10467124,27.62,38.84,-620,-696,16464
10468125,27.65,38.72,-524,-588,16528
10469127,27.63,38.86,-592,-600,16488
10470128,27.65,38.89,-560,-660,16500
10471130,27.64,38.98,-552,-672,16396
10472131,27.64,39.04,-608,-720,16496
10473276,27.64,39.04,-548,-664,16440
10474277,27.64,39.12,-592,-620,16488
10475278,27.64,39.11,-640,-728,16472
10476280,27.65,39.18,-620,-624,16452
10477281,27.65,39.42,-596,-612,16428
10478283,27.65,39.46,-552,-688,16520
10479284,27.64,39.48,-640,-644,16412
10480286,27.63,39.44,-604,-668,16396
10481287,27.64,39.44,-608,-700,16444
10482289,27.64,39.43,-620,-696,16520
10483290,27.64,39.29,-652,-620,16528
10484292,27.63,39.27,-588,-696,16532
10485293,27.62,39.22,-576,-584,16548
10486294,27.62,39.17,-556,-736,16476
10487296,27.63,39.12,-664,-672,16344
10488297,27.63,39.17,-640,-716,16364
10489298,27.64,39.06,-680,-620,16504
10490443,27.65,39.06,-660,-596,16432
10491444,27.64,39.16,-712,-620,16436
10492445,27.64,39.1,-624,-652,16540
10493447,27.66,39.25,-620,-752,16520
10494448,27.65,39.36,-688,-668,16452
10495449,27.65,39.26,-608,-668,16584
10496451,27.67,39.55,-704,-712,16440
10497452,27.68,39.71,-676,-620,16476
10498454,27.67,39.76,-692,-660,16468
10499455,27.67,39.81,-632,-676,16576
10500456,27.66,39.75,-656,-724,16548
10501457,27.68,39.82,-592,-684,16544
10502459,27.66,39.88,-672,-616,16552
10503460,27.66,39.87,-656,-636,16528
10504462,27.67,39.81,-640,-680,16476
10505463,27.67,39.81,-656,-688,16468
10506465,27.68,40.07,-684,-664,16496
10507609,27.7,40.25,-648,-688,16532
10508611,27.69,40.37,-632,-712,16464
10509612,27.67,40.34,-708,-640,16404
10510614,27.69,40.47,-660,-704,16488
10511616,27.69,40.63,-700,-672,16452
10512617,27.69,40.77,-704,-656,16408
10513619,27.71,40.91,-636,-592,16604
10514621,27.72,41.01,-652,-672,16456
10515622,27.73,40.98,-716,-624,16448
10516623,27.7,40.97,-640,-668,16528
10517625,27.72,40.91,-640,-668,16512
10518626,27.72,40.84,-668,-660,16512
10519628,27.72,40.78,-684,-676,16356
10520629,27.72,40.51,-660,-672,16452
10521631,27.71,40.57,-668,-680,16432
10522633,27.73,40.5,-756,-624,16452
10523634,27.71,40.56,-664,-764,16440
10524779,27.73,40.55,-620,-616,16352
10525781,27.72,40.54,-676,-688,16496
10526782,27.73,40.59,-676,-712,16388
10527784,27.71,40.7,-588,-620,16448
10528785,27.74,40.8,-616,-720,16432
10529786,27.76,40.89,-668,-732,16508
10530788,27.72,40.83,-632,-696,16584
10531789,27.73,40.65,-660,-644,16524
10532790,27.74,40.49,-700,-620,16432
10533792,27.73,40.33,-668,-684,16480
10534793,27.73,40.22,-604,-688,16416
10535795,27.72,40.09,-632,-616,16524
10536796,27.72,39.87,-652,-708,16472
10537797,27.72,39.91,-716,-664,16480
10538799,27.72,39.87,-644,-700,16472
10539800,27.7,39.73,-688,-692,16428
10540801,27.69,39.64,-676,-684,16504
10541803,27.71,39.61,-624,-664,16536
10542804,27.7,39.61,-640,-648,16484
10543806,27.7,39.45,-660,-600,16500
10544807,27.7,39.26,-664,-736,16492
10545808,27.7,39.34,-644,-684,16364
10546810,27.72,39.33,-696,-652,16468
10547811,27.69,39.22,-684,-664,16488
10548956,27.69,39.15,-640,-660,16456
10549958,27.71,39.11,-668,-720,16512
10550959,27.7,39.09,-652,-660,16496
10551960,27.71,39.08,-664,-728,16508
10552962,27.7,39.02,-596,-708,16392
10553963,27.71,39.11,-640,-684,16492
10554964,27.71,39.07,-732,-644,16504
10555966,27.72,39.0,-672,-688,16480
10556967,27.71,39.06,-644,-696,16488
10557968,27.72,39.16,-616,-640,16420
10558969,27.72,39.11,-744,-676,16516
10559971,27.7,39.22,-624,-668,16508
10560972,27.71,39.27,-700,-580,16432
10561974,27.71,39.24,-688,-716,16440
10562975,27.69,39.21,-628,-656,16492
10563976,27.7,39.11,-644,-688,16460
10564977,27.72,39.25,-684,-648,16524
10565979,27.71,39.14,-612,-632,16496
10566980,27.72,39.11,-640,-628,16456
10567982,27.72,39.09,-624,-620,16504
10568983,27.73,38.98,-660,-684,16536
10569984,27.72,38.96,-636,-656,16428
10570986,27.7,38.96,-628,-696,16504
10571987,27.73,39.12,-712,-752,16520
10573132,27.74,39.23,-700,-676,16460
10574133,27.72,39.23,-704,-624,16472
10575135,27.74,39.24,-652,-672,16516
10576136,27.71,39.2,-668,-696,16416
10577137,27.71,39.11,-668,-652,16476
10578139,27.73,38.95,-640,-656,16452
10579140,27.71,39.01,-632,-680,16424
10580142,27.71,38.94,-668,-676,16516
10581143,27.73,38.96,-656,-680,16508
10582145,27.71,38.97,-628,-732,16416
10583146,27.73,38.92,-660,-680,16488
10584147,27.71,38.84,-684,-652,16564
10585148,27.71,38.86,-668,-684,16556
10586150,27.72,38.85,-664,-656,16536
10587151,27.7,38.91,-648,-660,16500
10588152,27.72,38.96,-700,-672,16508
10589153,27.73,38.96,-640,-668,16420
10590155,27.72,38.93,-692,-692,16480
10591299,27.72,38.78,-600,-644,16444
10592301,27.71,38.75,-684,-692,16508
10593302,27.74,38.74,-616,-696,16472
10594303,27.71,38.69,-616,-708,16488
10595305,27.71,38.67,-628,-700,16428
10596306,27.7,38.6,-676,-676,16404
10597308,27.7,38.57,-632,-696,16560
10598309,27.72,38.6,-664,-696,16408
10599311,27.72,38.52,-676,-644,16416
10600312,27.7,38.34,-660,-688,16532
10601313,27.71,38.35,-632,-668,16452
10602314,27.73,38.4,-572,-728,16436
10603316,27.72,38.43,-760,-820,16424
10604317,27.73,38.27,-648,-656,16424
10605318,27.73,38.39,-684,-584,16432
10606320,27.71,38.33,-632,-720,16540
10607464,27.72,38.23,-680,-608,16468
10608466,27.72,38.38,-732,-656,16388
10609467,27.7,38.36,-660,-692,16476
10610468,27.71,38.36,-672,-700,16420
10611470,27.71,38.32,-656,-708,16348
10612471,27.71,38.33,-612,-636,16432
10613473,27.7,38.2,-636,-660,16500
10614474,27.71,38.29,-588,-712,16388
10615475,27.73,38.27,-708,-668,16560
10616476,27.71,38.24,-668,-668,16468
10617478,27.73,38.25,-652,-708,16388
10618479,27.72,38.12,-640,-632,16476
10619480,27.71,38.1,-656,-656,16348
10620482,27.7,38.18,-640,-720,16452
10621483,27.71,38.23,-688,-684,16516
10622484,27.72,38.21,-652,-588,16464
10623486,27.71,38.15,-708,-636,16424
10624630,27.72,38.2,-628,-628,16572
10625631,27.71,38.14,-672,-596,16368
10626633,27.69,38.08,-692,-608,16580
10627634,27.7,38.23,-632,-616,16436
10628636,27.72,38.21,-652,-644,16460
10629637,27.72,38.21,-644,-580,16440
10630639,27.72,38.25,-660,-636,16496
10631640,27.7,38.25,-644,-680,16536
10632642,27.7,38.24,-660,-596,16356
10633643,27.7,38.14,-608,-688,16504
10634644,27.72,38.23,-692,-636,16416
10635645,27.69,38.26,-768,-692,16488
10636647,27.7,38.21,-640,-628,16504
10637648,27.69,38.21,-608,-656,16448
10638650,27.7,38.12,-692,-648,16432
10639651,27.68,38.19,-636,-612,16396
10640653,27.68,38.23,-684,-612,16556
10641654,27.7,38.22,-684,-652,16416
10642656,27.7,38.26,-716,-736,16404
10643657,27.68,38.08,-688,-612,16524
10644801,27.66,38.12,-644,-644,16540
10645803,27.68,38.13,-616,-716,16352
10646804,27.68,38.27,-580,-644,16592
10647806,27.67,38.26,-656,-624,16416
10648807,27.67,38.18,-664,-688,16600
10649808,27.66,38.27,-652,-604,16452
10650809,27.66,38.12,-648,-608,16432
10651811,27.66,38.23,-708,-624,16504
10652812,27.65,38.17,-736,-684,16544
10653813,27.64,38.2,-636,-588,16448
10654815,27.65,38.24,-628,-676,16492
10655816,27.66,38.19,-704,-580,16412
10656818,27.66,38.16,-688,-644,16496
10657819,27.64,38.19,-668,-544,16424
10658820,27.65,38.21,-684,-592,16452
10659822,27.65,38.26,-628,-628,16424
10660823,27.66,38.15,-684,-664,16400
10661824,27.64,38.1,-616,-648,16568
10662825,27.65,38.22,-668,-588,16440
10663827,27.64,38.25,-688,-680,16464
10664828,27.66,38.22,-692,-620,16444
10665829,27.62,38.25,-696,-584,16580
10666831,27.65,38.25,-660,-652,16508
10667975,27.63,38.25,-628,-628,16376
10668977,27.63,38.14,-648,-656,16532
10669978,27.65,38.39,-632,-640,16384
10670979,27.64,38.46,-672,-572,16500
10671981,27.65,38.47,-680,-668,16412
10672982,27.64,38.61,-624,-628,16360
10673983,27.68,38.55,-620,-676,16432
10674985,27.67,38.73,-668,-592,16424
10675986,27.67,38.73,-736,-640,16432
10676987,27.65,38.74,-644,-652,16480
10677988,27.65,38.81,-732,-644,16372
10678990,27.65,38.69,-680,-580,16560
10679991,27.67,38.81,-700,-568,16508
10680993,27.67,38.89,-660,-660,16436
10681994,27.68,38.78,-648,-648,16384
10682995,27.68,38.93,-900,-772,16584
10683997,27.68,38.93,-632,-640,16468
10684998,27.67,38.99,-696,-628,16468
10685999,27.67,38.95,-612,-656,16368
10687001,27.66,38.83,-684,-644,16536
10688145,27.68,38.88,-680,-636,16448
10689147,27.68,38.97,-668,-628,16512
10690148,27.68,38.99,-708,-604,16464
10691150,27.7,38.88,-664,-544,16516
10692151,27.68,38.79,-676,-568,16492
10693152,27.71,38.88,-600,-620,16436
10694154,27.68,38.89,-692,-636,16536
10695155,27.68,38.91,-656,-612,16512
10696156,27.7,38.88,-640,-628,16496
10697158,27.68,38.77,-616,-616,16400
10698159,27.71,38.9,-644,-652,16344
10699161,27.7,38.92,-704,-668,16544
10700162,27.71,39.0,-644,-648,16512
10701163,27.72,38.92,-668,-628,16436
10702165,27.7,38.76,-636,-612,16484
10703166,27.7,38.88,-628,-700,16488
10704311,27.71,38.77,-672,-608,16524
10705312,27.71,38.79,-676,-724,16556
10706314,27.71,38.63,-632,-640,16512
10707315,27.7,38.77,-668,-620,16528
10708316,27.7,38.75,-700,-644,16536
10709318,27.73,38.56,-616,-604,16488
10710319,27.71,38.64,-664,-632,16508
10711320,27.69,38.62,-644,-624,16416
10712322,27.72,38.62,-652,-636,16404
10713323,27.7,38.56,-664,-664,16440
10714325,27.71,38.57,-700,-656,16436
10715326,27.71,38.57,-644,-644,16536
10716327,27.72,38.52,-656,-636,16448
10717329,27.71,38.5,-648,-580,16436
10718330,27.71,38.45,-668,-648,16492
10719332,27.7,38.49,-656,-548,16476
10720333,27.71,38.48,-660,-636,16436
10721478,27.7,38.45,-664,-592,16464
10722479,27.7,38.47,-672,-628,16468
10723481,27.72,38.39,-692,-628,16568
10724482,27.71,38.46,-640,-620,16408
10725483,27.72,38.36,-704,-656,16516
10726485,27.71,38.26,-688,-644,16516
10727486,27.71,38.36,-656,-752,16300
10728488,27.73,38.46,-664,-616,16552
10729489,27.7,38.47,-676,-584,16496
10730490,27.73,38.43,-600,-628,16488
10731492,27.73,38.47,-660,-612,16428
10732493,27.71,38.49,-684,-576,16516
10733495,27.73,38.41,-648,-624,16460
10734496,27.72,38.41,-708,-656,16464
10735498,27.73,38.41,-664,-620,16396
10736499,27.73,38.38,-696,-596,16664
10737500,27.72,38.48,-708,-564,16452
10738502,27.74,38.52,-672,-636,16432
10739503,27.72,38.72,-664,-660,16496
10740648,27.73,38.71,-640,-624,16432
10741649,27.73,38.72,-740,-660,16448
10742651,27.72,38.72,-712,-704,16388
10743652,27.74,38.75,-680,-588,16476
10744653,27.72,38.7,-688,-624,16452
10745655,27.72,38.66,-668,-580,16588
10746656,27.74,38.71,-640,-620,16504
10747658,27.73,38.74,-680,-556,16460
10748659,27.73,38.66,-612,-648,16452
10749661,27.72,38.61,-612,-576,16392
10750662,27.73,38.66,-648,-628,16432
10751663,27.75,38.67,-660,-596,16472
10752665,27.73,38.62,-696,-620,16440
10753666,27.71,38.44,-688,-640,16472
10754667,27.71,38.54,-696,-688,16416
10755669,27.72,38.52,-696,-624,16480
10756670,27.72,38.5,-676,-636,16420
10757672,27.71,38.49,-620,-624,16516
10758673,27.71,38.42,-636,-616,16396
10759675,27.72,38.4,-644,-600,16540
10760676,27.71,38.24,-624,-604,16428
10761678,27.72,38.38,-700,-624,16556
10762679,27.71,38.33,-736,-600,16288
10763824,27.7,38.33,-684,-588,16608
10764825,27.7,38.32,-668,-576,16448
10765826,27.71,38.35,-708,-664,16456
10766828,27.7,38.31,-668,-588,16464
10767829,27.71,38.42,-676,-608,16432
10768830,27.72,38.44,-632,-596,16484
10769832,27.72,38.45,-664,-660,16464
10770833,27.72,38.28,-628,-616,16496
10771835,27.71,38.4,-660,-608,16424
10772836,27.73,38.46,-680,-604,16372
10773837,27.7,38.38,-716,-612,16472
10774839,27.73,38.41,-672,-644,16448
10775840,27.72,38.36,-688,-564,16528
10776842,27.71,38.33,-728,-572,16412
10777843,27.74,38.38,-608,-600,16492
10778845,27.72,38.38,-604,-692,16552
10779846,27.72,38.39,-688,-620,16496
10780847,27.72,38.3,-716,-712,16336
10781849,27.73,38.37,-696,-680,16544
10782850,27.71,38.28,-632,-616,16392
10783852,27.72,38.36,-704,-656,16468
10784853,27.72,38.16,-688,-664,16504
10785855,27.71,38.3,-700,-588,16380
10786999,27.72,38.25,-616,-596,16472
10788001,27.72,38.21,-604,-652,16444
10789002,27.73,38.28,-720,-636,16528
10790004,27.73,38.22,-672,-664,16320
10791005,27.73,38.17,-652,-632,16472
10792006,27.72,38.17,-684,-720,16424
10793008,27.72,38.28,-668,-668,16456
10794009,27.71,38.32,-644,-620,16476
10795010,27.71,38.3,-648,-652,16516
10796012,27.71,38.18,-672,-596,16564
10797013,27.73,38.29,-664,-616,16424
10798015,27.73,38.41,-692,-628,16560
10799016,27.72,38.39,-640,-636,16452
10800018,27.71,38.34,-644,-620,16472
10801020,27.74,38.29,-692,-664,16540
10802021,27.72,38.31,-716,-656,16444
10803023,27.73,38.3,-668,-556,16480
10804024,27.72,38.26,-660,-528,16572
10805169,27.74,38.42,-612,-632,16424
10806171,27.74,38.46,-692,-676,16464
10807172,27.74,38.48,-752,-600,16536
10808174,27.74,38.52,-688,-620,16424
10809175,27.74,38.48,-728,-632,16564
10810177,27.74,38.58,-664,-620,16540
10811178,27.74,38.53,-672,-604,16504
10812180,27.75,38.42,-652,-604,16568
10813181,27.75,38.44,-696,-644,16464
10814183,27.76,38.52,-628,-640,16396
10815185,27.73,38.66,-680,-588,16504
10816186,27.74,38.64,-712,-556,16524
10817187,27.74,38.67,-700,-668,16492
10818189,27.74,38.7,-676,-616,16344
10819190,27.74,38.66,-636,-612,16464
10820191,27.75,38.6,-652,-636,16412
10821336,27.74,38.47,-648,-692,16568
10822337,27.76,38.52,-632,-664,16544
10823339,27.74,38.49,-632,-620,16460
10824340,27.75,38.48,-712,-648,16400
10825342,27.76,38.41,-640,-584,16508
10826343,27.76,38.36,-704,-688,16488
10827345,27.74,38.34,-664,-632,16500
10828346,27.75,38.35,-660,-668,16552
10829347,27.75,38.26,-716,-580,16432
10830349,27.75,38.18,-708,-648,16404
10831350,27.75,38.11,-676,-656,16632
10832351,27.73,38.17,-608,-624,16432
10833352,27.73,38.18,-636,-576,16484
10834354,27.73,38.03,-680,-624,16540
10835355,27.76,38.11,-692,-624,16484
10836356,27.76,38.07,-696,-656,16508
10837358,27.75,38.06,-640,-608,16520
10838359,27.76,38.08,-672,-612,16448
10839360,27.76,38.09,-684,-684,16488
10840505,27.75,38.05,-684,-664,16484
10841506,27.76,38.06,-740,-644,16428
10842508,27.77,37.93,-672,-612,16420
10843509,27.75,37.97,-588,-616,16472
10844511,27.75,37.96,-712,-652,16456
10845512,27.75,38.01,-676,-652,16520
10846513,27.75,37.81,-656,-636,16512
10847514,27.75,37.97,-668,-636,16520
10848516,27.76,37.98,-672,-668,16500
10849517,27.77,38.08,-724,-624,16496
10850518,27.76,38.03,-668,-632,16468
10851520,27.78,38.17,-640,-624,16424
10852521,27.78,38.11,-704,-632,16496
10853522,27.73,38.12,-688,-644,16424
10854524,27.75,38.2,-672,-640,16488
10855525,27.76,38.27,-668,-628,16556
10856526,27.76,38.26,-676,-644,16504
10857528,27.74,38.18,-644,-628,16376
10858529,27.75,38.13,-688,-620,16496
10859531,27.77,38.23,-672,-688,16540
10860532,27.75,38.16,-672,-576,16468
10861534,27.74,38.22,-664,-604,16488
10862535,27.74,38.19,-688,-656,16432
10863536,27.74,38.13,-672,-624,16524
10864681,27.71,37.96,-708,-600,16484
10865682,27.69,38.08,-652,-556,16448
10866683,27.73,38.04,-688,-636,16556
10867685,27.72,37.93,-628,-520,16444
10868686,27.72,37.88,-712,-672,16448
10869688,27.71,37.99,-616,-576,16480
10870689,27.72,37.83,-672,-632,16484
10871691,27.72,37.88,-712,-640,16468
10872692,27.69,37.92,-684,-572,16548
10873694,27.7,37.96,-672,-664,16512
10874695,27.69,37.84,-676,-584,16628
10875696,27.69,37.9,-616,-556,16444
10876698,27.68,37.9,-668,-592,16548
10877699,27.67,37.91,-652,-600,16400
10878701,27.68,37.9,-720,-564,16480
10879702,27.68,37.92,-644,-632,16436
10880703,27.67,37.77,-676,-720,16604
10881705,27.67,37.88,-660,-624,16496
10882706,27.67,37.77,-628,-596,16536
10883707,27.67,37.84,-592,-616,16484
10884708,27.65,37.93,-612,-572,16516
10885710,27.64,37.73,-684,-684,16476
10886855,27.68,37.87,-632,-624,16396
10887856,27.67,37.74,-724,-648,16584
10888857,27.65,37.87,-692,-664,16536
10889859,27.66,37.83,-732,-640,16428
10890860,27.66,37.9,-724,-616,16556
10891862,27.64,37.86,-652,-648,16448
10892863,27.66,37.85,-612,-592,16464
10893864,27.68,37.83,-660,-632,16432
10894866,27.65,37.86,-696,-592,16452
10895867,27.66,37.83,-612,-624,16292
10896868,27.66,37.71,-676,-644,16436
10897870,27.67,37.86,-636,-620,16464
10898871,27.65,37.91,-692,-612,16336
10899872,27.64,37.86,-652,-616,16484
10900874,27.65,37.93,-648,-624,16528
10901875,27.65,37.8,-960,-752,16480
10902877,27.65,37.98,-608,-624,16364
10904021,27.66,38.06,-604,-608,16504
10905023,27.66,38.1,-660,-620,16416
10906024,27.67,38.04,-848,-532,16520
10907025,27.66,38.05,-852,-540,16508
10908027,27.63,38.1,-808,-456,16452
10909028,27.69,38.24,-832,-544,16480
10910030,27.67,38.22,-816,-592,16368
10911031,27.67,38.21,-784,-500,16516
10912032,27.66,38.2,-788,-480,16448
10913034,27.68,38.24,-796,-536,16580
10914035,27.68,38.19,-772,-508,16432
10915037,27.67,38.2,-860,-540,16464
10916038,27.67,38.21,-844,-552,16436
10917040,27.67,38.22,-820,-392,16488
10918041,27.68,38.14,-836,-480,16468
10919043,27.69,38.25,-800,-492,16432
10920044,27.68,38.23,-860,-588,16472
10921188,27.68,38.09,-864,-520,16556
10922190,27.66,38.19,-860,-504,16380
10923191,27.68,38.18,-804,-440,16484
10924192,27.69,38.13,-864,-528,16320
10925194,27.67,38.17,-852,-492,16440
10926195,27.66,38.17,-832,-464,16496
10927197,27.67,38.17,-824,-472,16388
10928198,27.66,38.14,-772,-496,16400
10929199,27.68,38.2,-828,-560,16460
10930201,27.68,38.07,-824,-480,16456
10931202,27.67,38.09,-788,-520,16392
10932204,27.66,37.99,-848,-516,16424
10933205,27.69,38.02,-844,-492,16488
10934207,27.68,38.14,-852,-556,16532
10935208,27.69,38.12,-860,-512,16484
10936209,27.67,38.1,-856,-552,16476
10937211,27.68,38.02,-844,-508,16424
10938212,27.68,38.02,-796,-524,16408
10939357,27.68,38.0,-812,-452,16480
10940358,27.68,37.98,-832,-452,16484
10941359,27.71,37.99,-776,-504,16428
10942361,27.7,37.91,-836,-448,16512
10943362,27.7,37.91,-872,-568,16420
10944363,27.69,37.85,-804,-528,16580
10945365,27.69,37.8,-816,-488,16516
10946367,27.7,37.9,-756,-376,16440
10947368,27.71,37.88,-800,-576,16412
10948369,27.72,37.76,-820,-472,16464
10949371,27.7,37.82,-824,-456,16408
10950372,27.71,37.89,-848,-484,16440
10951373,27.71,37.94,-816,-476,16480
10952375,27.69,38.01,-800,-492,16380
10953376,27.7,38.0,-848,-500,16448
10954377,27.71,38.04,-892,-480,16472
10955379,27.72,38.04,-616,-864,16476
10956380,27.71,37.94,-556,-900,16536
10957382,27.71,38.06,-544,-904,16556
10958383,27.7,37.95,-600,-928,16440
10959385,27.71,38.02,-544,-924,16408
10960386,27.72,38.08,-532,-956,16440
10961388,27.7,38.04,-608,-924,16548
10962389,27.73,38.03,-524,-856,16528
10963533,27.72,38.1,-624,-788,16680
10964535,27.74,38.19,-540,-948,16464
10965536,27.72,38.33,-552,-928,16448
10966537,27.73,38.4,-592,-908,16476
10967539,27.74,38.55,-572,-872,16480
10968540,27.75,38.59,-492,-968,16544
10969541,27.74,38.59,-648,-936,16416
10970543,27.75,38.64,-504,-896,16476
10971544,27.72,38.7,-512,-892,16540
10972546,27.75,38.73,-520,-928,16512
10973547,27.73,38.65,-544,-916,16428
10974548,27.75,38.6,-508,-972,16412
10975550,27.73,38.49,-532,-880,16412
10976551,27.74,38.41,-536,-932,16388
10977553,27.74,38.3,-560,-900,16520
10978554,27.72,38.23,-540,-912,16468
10979556,27.72,38.1,-528,-956,16444
10980557,27.7,38.06,-552,-952,16432
10981558,27.71,37.97,-596,-904,16436
10982560,27.7,38.0,-560,-884,16412
10983561,27.71,38.01,-540,-972,16472
10984563,27.7,37.94,-532,-888,16516
10985564,27.71,37.91,-540,-928,16508
10986708,27.7,37.88,-608,-888,16396
10987710,27.72,37.77,-536,-900,16456
10988711,27.71,37.77,-456,-900,16456
10989713,27.69,37.59,-592,-916,16580
10990714,27.7,37.73,-508,-912,16516
10991716,27.7,37.7,-444,-940,16444
10992717,27.71,37.57,-512,-856,16544
10993719,27.71,37.7,-576,-980,16416
10994720,27.71,37.66,-492,-932,16500
10995721,27.72,37.53,-612,-848,16416
10996723,27.7,37.58,-648,-888,16488
10997724,27.73,37.54,-556,-940,16560
10998725,27.71,37.56,-604,-964,16388
10999727,27.72,37.59,-564,-888,16492
11000728,27.71,37.59,-468,-908,16444
11001729,27.72,37.52,-592,-948,16556
11002731,27.72,37.65,-568,-892,16440
11003732,27.72,37.62,-580,-936,16420
11004877,27.72,37.53,-488,-844,16572
11005878,27.73,37.56,-584,-836,16560
11006880,27.76,37.57,-536,-860,16544
11007881,27.72,37.59,-552,-828,16440
11008883,27.73,37.55,-556,-900,16420
11009884,27.71,37.43,-556,-860,16452
11010885,27.73,37.55,-580,-912,16556
11011887,27.74,37.46,-568,-864,16420
11012888,27.73,37.48,-552,-884,16460
11013889,27.73,37.36,-548,-856,16408
11014891,27.73,37.44,-580,-892,16400
11015892,27.74,37.47,-540,-892,16396
11016894,27.72,37.54,-512,-872,16496
11017895,27.73,37.67,-580,-908,16568
11018897,27.76,37.74,-540,-908,16476
11019898,27.77,37.75,-524,-876,16532
11021043,27.76,37.68,-556,-880,16504
11022044,27.76,37.66,-528,-888,16516
11023045,27.76,37.6,-508,-832,16436
11024047,27.77,37.64,-592,-908,16480
11025049,27.77,37.5,-600,-948,16440
11026050,27.74,37.67,-584,-868,16488
11027051,27.76,37.56,-556,-864,16520
11028052,27.76,37.5,-500,-876,16404
11029054,27.75,37.57,-532,-904,16468
11030055,27.75,37.54,-556,-844,16416
11031056,27.75,37.57,-512,-868,16480
11032058,27.74,37.49,-596,-868,16408
11033059,27.73,37.44,-552,-904,16444
11034060,27.73,37.45,-624,-888,16396
11035062,27.74,37.54,-552,-912,16376
11036063,27.73,37.54,-1396,-928,16872
11037064,27.72,37.55,-544,-860,16500
11038209,27.73,37.58,-488,-852,16424
11039210,27.73,37.53,-576,-888,16456
11040212,27.72,37.53,-584,-844,16440
11041213,27.72,37.42,-560,-880,16416
11042215,27.73,37.53,-580,-876,16440
11043216,27.71,37.5,-568,-892,16508
11044218,27.72,37.42,-496,-832,16380
11045219,27.71,37.5,-496,-908,16424
11046221,27.73,37.33,-580,-876,16496
11047223,27.71,37.46,-552,-944,16340
11048224,27.71,37.44,-552,-848,16360
11049226,27.72,37.47,-652,-880,16508
11050227,27.72,37.46,-540,-892,16436
11051229,27.7,37.52,-580,-884,16436
11052230,27.72,37.53,-600,-896,16472
11053232,27.73,37.48,-564,-860,16376
11054376,27.71,37.31,-540,-900,16460
11055378,27.71,37.42,-608,-880,16412
11056379,27.72,37.39,-592,-880,16476
11057380,27.73,37.49,-512,-892,16492
11058382,27.71,37.42,-532,-864,16420
11059383,27.72,37.5,-608,-812,16420
11060384,27.72,37.45,-632,-892,16312
11061386,27.73,37.48,-516,-880,16488
11062387,27.73,37.36,-520,-888,16512
11063389,27.7,37.47,-632,-848,16596
11064390,27.71,37.44,-580,-824,16428
11065392,27.72,37.51,-556,-916,16476
11066393,27.73,37.46,-608,-776,16548
11067394,27.72,37.48,-632,-856,16328
11068396,27.73,37.51,-524,-880,16464
11069397,27.74,37.5,-584,-900,16476
11070399,27.73,37.49,-544,-860,16508
11071400,27.74,37.47,-504,-836,16404
11072402,27.74,37.5,-564,-868,16544
11073403,27.72,37.52,-432,-828,16520
11074404,27.75,37.42,-512,-904,16524
11075406,27.74,37.48,-584,-900,16588
11076407,27.75,37.53,-596,-872,16504
11077409,27.74,37.48,-528,-836,16404
11078553,27.73,37.55,-540,-832,16436
11079555,27.74,37.52,-560,-892,16396
11080556,27.75,37.49,-524,-884,16524
11081558,27.73,37.61,-520,-864,16408
11082559,27.73,37.54,-608,-908,16384
11083560,27.74,37.65,-628,-868,16432
11084562,27.73,37.65,-592,-880,16500
11085563,27.74,37.63,-512,-924,16484
11086565,27.75,37.52,-604,-896,16504
11087566,27.74,37.66,-560,-872,16532
11088567,27.74,37.63,-484,-864,16528
11089569,27.73,37.61,-564,-868,16476
11090570,27.73,37.62,-496,-888,16480
11091572,27.74,37.53,-544,-908,16468
11092574,27.76,37.61,-564,-908,16464
11093575,27.72,37.46,-496,-860,16368
11094577,27.74,37.56,-616,-868,16552
11095578,27.75,37.57,-636,-1232,16504
11096579,27.73,37.6,-548,-888,16392
11097581,27.74,37.53,-580,-944,16552
11098582,27.73,37.53,-552,-880,16404
11099727,27.73,37.44,-508,-892,16488
11100729,27.71,37.46,-576,-808,16536
11101730,27.72,37.56,-596,-804,16500
11102732,27.71,37.53,-544,-892,16500
11103733,27.72,37.41,-580,-832,16428
11104735,27.73,37.48,-612,-884,16436
11105736,27.7,37.52,-540,-832,16500
11106738,27.74,37.49,-572,-904,16508
11107739,27.74,37.48,-544,-868,16384
11108741,27.72,37.37,-556,-936,16488
11109742,27.72,37.51,-496,-904,16492
11110744,27.71,37.39,-532,-892,16552
11111745,27.73,37.51,-580,-932,16408
11112747,27.74,37.56,-564,-824,16552
11113748,27.72,37.48,-568,-916,16456
11114750,27.73,37.47,-600,-912,16532
11115752,27.74,37.34,-552,-856,16428
11116896,27.72,37.44,-476,-896,16368
11117898,27.72,37.47,-552,-832,16360
11118899,27.71,37.42,-608,-880,16456
11119901,27.71,37.41,-496,-868,16596
11120902,27.74,37.38,-556,-840,16380
11121903,27.74,37.49,-584,-844,16444
11122905,27.74,37.49,-596,-888,16476
11123906,27.74,37.4,-520,-820,16500
11124908,27.72,37.46,-492,-840,16464
11125909,27.74,37.46,-548,-844,16452
11126910,27.72,37.31,-552,-856,16396
11127912,27.74,37.47,-580,-916,16488
11128913,27.74,37.37,-576,-840,16352
11129915,27.74,37.46,-544,-872,16404
11130916,27.73,37.45,-612,-836,16480
11131917,27.75,37.43,-560,-972,16340
11132919,27.74,37.46,-568,-824,16360
11134063,27.75,37.4,-528,-880,16452
11135064,27.75,37.34,-568,-936,16448
11136066,27.76,37.46,-568,-844,16396
11137067,27.77,37.5,-552,-880,16572
11138068,27.77,37.54,-504,-908,16392
11139070,27.75,37.6,-520,-848,16492
11140071,27.75,37.65,-572,-876,16432
11141073,27.77,37.68,-552,-956,16432
11142074,27.77,37.74,-580,-892,16396
11143075,27.78,37.85,-588,-828,16460
11144077,27.78,37.84,-608,-996,16496
11145078,27.75,37.74,-548,-884,16512
11146080,27.75,37.71,-480,-876,16516
11147081,27.79,37.69,-632,-856,16468
11148083,27.76,37.51,-544,-900,16432
11149084,27.78,37.64,-520,-892,16476
11150085,27.76,37.55,-492,-852,16492
11151087,27.77,37.55,-532,-888,16480
11152088,27.74,37.44,-544,-924,16468
11153233,27.76,37.54,-536,-884,16436
11154234,27.76,37.49,-540,-872,16468
11155235,27.75,37.42,-532,-900,16396
11156237,27.76,37.42,-508,-840,16428
11157238,27.75,37.42,-568,-900,16524
11158240,27.76,37.43,-572,-900,16412
11159241,27.75,37.44,-520,-832,16472
11160243,27.75,37.45,-588,-840,16476
11161244,27.76,37.33,-548,-920,16404
11162245,27.76,37.42,-548,-884,16516
11163247,27.77,37.45,-624,-832,16460
11164248,27.74,37.42,-556,-800,16520
11165249,27.73,37.35,-560,-840,16432
11166251,27.74,37.35,-548,-876,16536
11167252,27.75,37.2,-624,-872,16448
11168254,27.75,37.35,-556,-888,16528
11169256,27.74,37.19,-476,-884,16348
11170257,27.75,37.31,-568,-844,16444
11171259,27.71,37.26,-572,-892,16412
11172260,27.73,37.18,-528,-836,16468
11173261,27.73,37.3,-528,-908,16444
11174263,27.71,37.34,-560,-828,16440
11175264,27.72,37.27,-588,-852,16444
11176266,27.73,37.36,-556,-888,16400
11177410,27.73,37.43,-552,-924,16580
11178411,27.75,37.54,-548,-884,16500
11179413,27.74,37.62,-560,-924,16392
11180414,27.75,37.53,-544,-896,16452
11181415,27.75,37.62,-548,-876,16508
11182417,27.77,37.68,-524,-892,16356
11183418,27.79,37.73,-556,-936,16436
11184420,27.79,37.84,-528,-892,16388
11185421,27.79,37.79,-528,-868,16468
11186422,27.8,37.83,-528,-856,16432
11187424,27.79,37.83,-612,-884,16428
11188426,27.81,37.85,-528,-884,16596
11189427,27.8,37.77,-588,-920,16444
11190428,27.79,37.94,-548,-884,16472
11191430,27.82,38.0,-524,-872,16388
11192431,27.82,38.05,-532,-940,16448
11193432,27.81,38.01,-516,-916,16508
11194434,27.82,37.85,-540,-912,16440
11195435,27.83,37.92,-520,-940,16496
11196436,27.82,38.14,-536,-908,16540
11197438,27.81,38.21,-512,-876,16428
11198582,27.82,38.25,-572,-940,16480
11199584,27.83,38.29,-572,-964,16368
11200585,27.82,38.28,-512,-852,16420
11201586,27.83,38.29,-540,-836,16496
11202588,27.83,38.47,-596,-948,16476
11203589,27.85,38.57,-564,-980,16464
11204591,27.83,38.53,-560,-928,16416
11205592,27.83,38.55,-516,-832,16528
11206593,27.84,38.44,-508,-944,16424
11207595,27.82,38.51,-532,-928,16580
11208596,27.82,38.45,-592,-936,16468
11209597,27.85,38.36,-544,-948,16536
11210598,27.84,38.31,-528,-904,16468
11211600,27.83,38.24,-548,-888,16468
11212601,27.84,38.18,-560,-848,16516
11213603,27.83,38.08,-480,-860,16496
11214604,27.83,38.05,-500,-864,16548
11215749,27.83,38.01,-504,-888,16528
11216750,27.83,37.88,-528,-856,16444
11217752,27.83,37.74,-536,-992,16404
11218753,27.82,37.85,-496,-896,16600
11219754,27.84,37.82,-568,-920,16364
11220756,27.82,37.84,-480,-880,16340
11221757,27.84,37.76,-488,-880,16492
11222759,27.81,37.65,-508,-860,16404
11223760,27.83,37.75,-528,-908,16472
11224761,27.83,37.7,-532,-940,16476
11225763,27.81,37.62,-544,-912,16528
11226764,27.81,37.84,-516,-924,16408
11227765,27.81,37.85,-520,-856,16440
11228767,27.82,37.86,-556,-896,16464
11229769,27.8,37.83,-520,-900,16508
11230770,27.81,37.84,-528,-896,16408
11231772,27.79,37.8,-536,-872,16384
11232916,27.8,37.73,-544,-948,16332
11233918,27.8,37.58,-552,-912,16400
11234919,27.8,37.68,-512,-872,16496
11235920,27.78,37.64,-536,-900,16508
11236922,27.78,37.48,-424,-820,16432
11237923,27.8,37.6,-544,-940,16420
11238924,27.78,37.57,-556,-968,16388
11239926,27.79,37.61,-528,-928,16436
11240927,27.8,37.57,-512,-852,16436
11241928,27.81,37.6,-516,-812,16540
11242930,27.78,37.41,-568,-928,16448
11243931,27.78,37.54,-572,-864,16496
11244933,27.79,37.51,-512,-892,16380
11245934,27.79,37.51,-528,-872,16476
11246936,27.79,37.5,-468,-920,16436
11247937,27.77,37.43,-536,-868,16464
11248938,27.79,37.56,-488,-948,16544
11249940,27.8,37.5,-488,-864,16516
11250941,27.79,37.47,-616,-872,16412
11252086,27.81,37.68,-552,-864,16448
11253087,27.81,37.71,-560,-880,16428
11254088,27.81,37.75,-588,-892,16420
11255090,27.82,37.79,-484,-892,16364
11256091,27.79,37.79,-572,-920,16420
11257093,27.8,37.79,-548,-916,16464
11258094,27.77,37.82,-504,-880,16568
11259095,27.78,37.83,-568,-884,16404
11260097,27.77,37.82,-460,-844,16404
11261098,27.77,37.81,-588,-924,16520
11262100,27.78,37.78,-524,-924,16604
11263101,27.79,37.73,-568,-928,16428
11264102,27.79,37.74,-580,-892,16428
11265104,27.76,37.71,-596,-884,16444
11266105,27.77,37.68,-500,-820,16388
11267106,27.77,37.73,-508,-872,16460
11268108,27.81,37.78,-552,-964,16428
11269109,27.8,37.72,-512,-876,16512
11270111,27.78,37.72,-552,-936,16452
11271112,27.78,37.81,-508,-916,16516
11272113,27.78,37.79,-552,-940,16468
11273115,27.79,37.73,-496,-880,16400
11274116,27.8,37.91,-548,-848,16464
11275118,27.78,37.95,-516,-868,16484
11276263,27.78,37.97,-528,-892,16388
11277265,27.77,37.94,-528,-932,16408
11278266,27.8,37.87,-540,-888,16380
11279268,27.78,37.82,-520,-908,16572
11280269,27.79,37.83,-520,-856,16504
11281271,27.78,37.84,-520,-884,16420
11282272,27.77,37.72,-580,-892,16408
11283274,27.78,37.8,-548,-952,16472
11284275,27.77,37.77,-596,-924,16484
11285277,27.78,37.71,-548,-900,16376
11286278,27.78,37.72,-548,-888,16432
11287280,27.76,37.58,-580,-840,16408
11288281,27.79,37.66,-512,-884,16432
11289283,27.78,37.58,-572,-924,16348
11290284,27.79,37.53,-508,-1004,16484
11291286,27.8,37.51,-540,-912,16492
11292287,27.78,37.61,-504,-864,16460
11293289,27.79,37.6,-516,-884,16488
11294291,27.78,37.58,-524,-932,16464
11295292,27.76,37.46,-516,-892,16448
11296294,27.79,37.51,-508,-932,16484
11297295,27.79,37.37,-540,-976,16472
11298297,27.79,37.47,-480,-964,16480
11299442,27.8,37.49,-488,-900,16508
11300443,27.77,37.42,-556,-884,16364
11301445,27.77,37.39,-492,-884,16408
11302446,27.77,37.33,-496,-908,16504
11303448,27.79,37.34,-564,-984,16468
11304449,27.79,37.27,-460,-856,16500
11305451,27.78,37.41,-536,-928,16464
11306452,27.78,37.38,-528,-952,16484
11307454,27.77,37.34,-456,-908,16528
11308455,27.78,37.23,-468,-888,16524
11309457,27.79,37.35,-548,-892,16476
11310459,27.78,37.24,-560,-848,16628
11311460,27.79,37.19,-580,-924,16516
11312461,27.8,37.34,-520,-904,16524
11313463,27.77,37.38,-504,-916,16440
11314464,27.79,37.32,-532,-928,16400
11315465,27.75,37.32,-504,-880,16424
11316610,27.76,37.29,-520,-912,16436
11317611,27.79,37.37,-520,-912,16560
11318612,27.78,37.36,-488,-888,16508
11319614,27.77,37.41,-496,-908,16544
11320615,27.75,37.34,-536,-932,16524
11321617,27.77,37.36,-536,-856,16380
11322618,27.73,37.27,-552,-912,16356
11323620,27.76,37.25,-536,-932,16464
11324621,27.76,37.42,-536,-872,16500
11325623,27.77,37.4,-564,-968,16344
11326624,27.75,37.43,-516,-900,16504
11327625,27.75,37.35,-552,-868,16496
11328627,27.73,37.4,-468,-948,16420
11329628,27.75,37.43,-524,-892,16392
11330629,27.75,37.47,-520,-956,16404
11331631,27.75,37.47,-524,-952,16412
11332632,27.75,37.44,-580,-908,16396
11333777,27.74,37.52,-532,-896,16488
11334778,27.73,37.44,-556,-924,16548
11335779,27.73,37.53,-360,-784,16380
11336781,27.73,37.52,-532,-900,16552
11337782,27.73,37.53,-492,-936,16472
11338784,27.74,37.51,-524,-916,16504
11339785,27.74,37.53,-548,-892,16564
11340787,27.73,37.55,-548,-900,16496
11341788,27.72,37.51,-520,-832,16528
11342790,27.72,37.54,-580,-988,16464
11343791,27.69,37.53,-536,-924,16468
11344792,27.71,37.58,-556,-900,16392
11345794,27.69,37.55,-552,-876,16388
11346795,27.7,37.56,-560,-868,16504
11347796,27.71,37.59,-524,-980,16460
11348798,27.7,37.56,-556,-876,16472
11349799,27.7,37.69,-496,-924,16464
11350801,27.7,37.69,-540,-900,16440
11351945,27.7,37.58,-516,-1020,16300
11352947,27.7,37.64,-536,-908,16440
11353948,27.69,37.66,-556,-936,16352
11354950,27.68,37.66,-556,-948,16328
11355951,27.7,37.7,-516,-856,16404
11356952,27.71,37.75,-524,-940,16416
11357953,27.71,37.76,-460,-884,16436
11358955,27.7,37.83,-508,-952,16408
11359956,27.7,37.81,-556,-856,16540
11360958,27.7,37.74,-440,-916,16488
11361959,27.67,37.74,-484,-908,16504
11362960,27.69,37.73,-604,-912,16396
11363962,27.71,37.72,-504,-924,16428
11364963,27.7,37.69,-508,-876,16424
11365965,27.7,37.68,-496,-924,16508
11366966,27.71,37.71,-496,-924,16412
11367968,27.7,37.69,-488,-912,16376
11368969,27.71,37.72,-588,-920,16468
11369971,27.71,37.77,-488,-896,16372
11370972,27.7,37.68,-500,-920,16432
11372116,27.72,37.79,-520,-944,16532
11373118,27.73,37.7,-520,-900,16404
11374119,27.71,37.79,-560,-880,16400
11375120,27.71,37.77,-548,-956,16336
11376122,27.69,37.7,-584,-888,16412
11377123,27.71,37.72,-540,-912,16548
11378125,27.72,37.72,-556,-900,16476
11379126,27.7,37.77,-540,-940,16496
11380128,27.69,37.79,-520,-876,16408
11381129,27.69,37.72,-524,-920,16448
11382130,27.71,37.67,-476,-884,16436
11383132,27.69,37.69,-600,-892,16584
11384133,27.69,37.67,-476,-924,16564
11385135,27.69,37.71,-508,-896,16420
11386136,27.67,37.66,-476,-876,16576
11387137,27.68,37.66,-528,-956,16368
11388139,27.7,37.66,-524,-944,16476
11389140,27.68,37.67,-524,-944,16400
11390142,27.67,37.61,-508,-888,16480
11391143,27.66,37.58,-528,-968,16480
11392145,27.65,37.6,-504,-932,16444
11393146,27.69,37.65,-560,-952,16372
11394148,27.68,37.64,-572,-908,16496
11395149,27.65,37.47,-548,-876,16412
11396294,27.67,37.61,-492,-968,16460
11397296,27.65,37.61,-516,-856,16564
11398297,27.65,37.54,-532,-876,16468
11399298,27.65,37.6,-544,-864,16408
11400300,27.65,37.57,-504,-904,16508
11401301,27.64,37.53,-560,-884,16452
11402303,27.65,37.54,-568,-980,16444
11403304,27.64,37.6,-540,-892,16528
11404305,27.64,37.67,-580,-980,16432
11405307,27.64,37.61,-544,-884,16516
11406308,27.65,37.54,-588,-904,16400
11407310,27.65,37.6,-556,-948,16512
11408311,27.65,37.61,-568,-888,16392
11409313,27.64,37.54,-532,-900,16472
11410314,27.65,37.62,-556,-880,16392
11411316,27.64,37.56,-488,-904,16520
11412317,27.65,37.62,-528,-936,16396
11413318,27.66,37.57,-564,-944,16504
11414463,27.64,37.61,-532,-924,16436
11415464,27.67,37.59,-504,-892,16524
11416465,27.66,37.56,-552,-852,16372
11417467,27.65,37.55,-588,-888,16484
11418468,27.67,37.88,-492,-924,16508
11419469,27.67,38.11,-540,-924,16588
11420471,27.66,38.13,-536,-924,16504
11421472,27.67,37.94,-560,-864,16460
11422473,27.69,37.89,-468,-904,16408
11423475,27.67,38.1,-552,-924,16500
11424476,27.67,38.07,-512,-924,16532
11425478,27.67,38.02,-472,-920,16472
11426479,27.66,38.01,-528,-940,16332
11427480,27.67,38.01,-460,-936,16544
11428482,27.69,38.08,-540,-916,16448
11429483,27.68,38.09,-552,-944,16364
11430627,27.69,38.09,-564,-940,16472
11431628,27.69,37.9,-432,-892,16496
11432629,27.66,37.99,-544,-920,16416
11433631,27.67,37.92,-600,-940,16408
11434632,27.67,37.94,-496,-900,16564
11435633,27.67,37.93,-472,-992,16400
11436635,27.67,37.91,-532,-924,16376
11437636,27.67,37.86,-532,-924,16448
11438638,27.67,37.84,-528,-872,16580
11439640,27.66,37.84,-464,-932,16380
11440641,27.67,37.63,-528,-896,16344
11441642,27.66,37.77,-516,-932,16404
11442644,27.67,37.81,-476,-904,16408
11443645,27.68,37.83,-512,-948,16360
11444647,27.65,37.81,-540,-916,16488
11445648,27.67,37.85,-560,-912,16448
11446792,27.68,37.74,-516,-940,16488
11447794,27.64,37.86,-508,-924,16328
11448795,27.67,37.84,-520,-848,16532
11449797,27.66,37.81,-568,-892,16400
11450799,27.66,37.78,-496,-916,16440
11451801,27.67,37.73,-516,-932,16460
11452802,27.69,37.98,-540,-884,16584
11453804,27.69,38.04,-536,-920,16512
11454805,27.69,38.03,-412,-944,16456
11455807,27.68,38.01,-448,-892,16444
11456808,27.67,38.03,-536,-932,16440
11457809,27.67,37.99,-560,-924,16440
11458811,27.65,37.96,-552,-876,16508
11459812,27.66,37.98,-524,-880,16440
11460813,27.67,37.88,-500,-880,16456
11461815,27.68,37.91,-516,-932,16556
11462816,27.67,37.83,-496,-928,16416
11463818,27.66,37.71,-504,-948,16500
11464819,27.67,37.78,-540,-972,16376
11465820,27.67,37.8,-544,-936,16400
11466822,27.67,37.69,-532,-864,16520
11467966,27.66,37.69,-464,-924,16552
11468968,27.67,37.76,-516,-980,16508
11469969,27.69,37.83,-524,-940,16480
11470971,27.7,38.1,-532,-928,16444
11471973,27.7,38.15,-588,-920,16492
11472974,27.68,38.3,-508,-972,16552
11473976,27.71,38.43,-504,-868,16420
11474977,27.74,38.55,-536,-864,16484
11475978,27.72,38.45,-480,-884,16476
11476980,27.7,38.5,-484,-848,16492
11477981,27.71,38.45,-524,-888,16484
11478983,27.71,38.42,-516,-920,16352
11479985,27.74,38.41,-528,-968,16448
11480986,27.71,38.37,-440,-924,16488
11481988,27.72,38.28,-484,-944,16432
11482989,27.72,38.23,-548,-900,16572
11483991,27.72,38.27,-516,-864,16408
11484992,27.71,38.18,-536,-856,16392
11485994,27.72,38.19,-548,-820,16536
11486995,27.73,38.14,-464,-936,16508
11487997,27.75,37.98,-600,-844,16492
11488998,27.75,38.05,-476,-812,16512
11490000,27.71,37.98,-524,-944,16412
11491001,27.72,37.98,-456,-924,16404
11492003,27.7,37.96,-528,-892,16384
11493147,27.73,37.91,-532,-896,16468
11494149,27.72,38.11,-588,-968,16484
11495150,27.72,38.15,-496,-904,16572
11496151,27.72,38.15,-560,-896,16416
11497153,27.73,38.17,-504,-904,16500
11498154,27.73,37.99,-528,-864,16424
11499155,27.71,38.1,-520,-912,16388
11500157,27.72,38.13,-504,-852,16484
11501158,27.72,38.17,-540,-844,16412
11502160,27.69,38.17,-528,-936,16400
11503161,27.72,38.1,-536,-996,16396
11504163,27.72,38.1,-564,-868,16420
11505164,27.7,38.03,-548,-896,16568
11506166,27.75,38.3,-508,-884,16372
11507167,27.75,38.53,-560,-952,16488
11508168,27.73,38.54,-520,-908,16564
11509170,27.73,38.51,-520,-1012,16440
11510171,27.74,38.52,-584,-900,16496
11511172,27.72,38.47,-536,-844,16480
11512317,27.72,38.39,-512,-912,16452
11513318,27.73,38.23,-400,-956,16472
11514319,27.71,38.26,-452,-968,16452
11515321,27.72,38.22,-444,-884,16532
11516322,27.7,38.21,-312,-836,16476
11517324,27.69,38.15,-416,-908,16396
11518325,27.69,38.14,-412,-992,16364
11519327,27.71,38.02,-396,-1004,16428
11520328,27.7,38.04,-364,-932,16384
11521330,27.7,38.05,-392,-988,16536
11522331,27.7,37.98,-328,-948,16340
11523332,27.73,37.86,-356,-980,16352
11524334,27.69,37.92,-260,-908,16508
11525335,27.7,37.97,-372,-928,16524
11526336,27.7,37.91,-312,-984,16524
11527338,27.69,37.94,-360,-920,16384
11528339,27.71,37.88,-336,-1008,16444
11529484,27.7,37.86,-368,-948,16468
11530485,27.71,37.85,-384,-912,16600
11531486,27.68,37.83,-420,-944,16396
11532488,27.69,37.84,-332,-988,16500
11533489,27.68,37.75,-376,-964,16532
11534490,27.69,37.63,-336,-980,16504
11535492,27.7,37.78,-340,-920,16508
11536493,27.69,37.62,-368,-956,16500
11537495,27.7,37.75,-324,-964,16512
11538496,27.71,37.77,-368,-940,16492
11539497,27.7,37.77,-332,-896,16540
11540499,27.7,37.74,-324,-988,16412
11541500,27.68,37.68,-340,-956,16500
11542501,27.68,37.76,-320,-988,16468
11543503,27.69,37.68,-272,-916,16428
11544647,27.69,37.61,-308,-996,16520
11545649,27.68,37.74,-324,-964,16448
11546650,27.68,37.73,-296,-936,16460
11547651,27.69,37.7,-292,-964,16492
11548653,27.67,37.69,-284,-984,16460
11549654,27.66,37.69,-360,-928,16476
11550656,27.69,37.6,-280,-988,16388
11551657,27.68,37.58,-328,-996,16448
11552658,27.68,37.68,-340,-964,16512
11553660,27.7,37.74,-348,-952,16412
11554661,27.7,37.66,-384,-920,16448
11555662,27.69,37.63,-344,-976,16428
11556664,27.7,37.77,-364,-928,16436
11557665,27.7,37.78,-408,-952,16360
11558666,27.7,37.65,-324,-944,16532
11559668,27.71,37.89,-404,-960,16440
11560669,27.7,37.98,-328,-960,16432
11561670,27.72,37.84,-344,-932,16476
11562672,27.71,38.0,-308,-972,16352
11563673,27.72,37.97,-308,-936,16340
11564675,27.71,38.02,-288,-864,16424
11565819,27.7,37.99,-396,-980,16368
11566820,27.69,37.83,-376,-972,16456
11567822,27.7,38.02,-340,-948,16448
11568823,27.7,38.01,-300,-984,16456
11569824,27.72,37.98,-360,-944,16504
11570826,27.69,37.95,-352,-988,16388
11571827,27.7,37.95,-344,-904,16396
11572829,27.69,37.95,-364,-940,16532
11573830,27.69,37.93,-320,-928,16572
11574831,27.68,37.93,-304,-936,16556
11575833,27.7,37.88,-368,-936,16412
11576834,27.7,38.07,-332,-996,16472
11577836,27.7,38.08,-320,-960,16404
11578837,27.69,37.99,-316,-988,16416
11579839,27.69,37.97,-344,-956,16484
11580840,27.7,37.82,-340,-960,16344
11581841,27.69,37.93,-408,-896,16440
11582843,27.7,37.9,-424,-944,16584
11583844,27.73,37.87,-308,-1068,16428
11584845,27.71,37.94,-340,-1004,16568
11585846,27.71,37.88,-340,-948,16492
11586848,27.71,37.9,-396,-976,16488
11587849,27.7,37.84,-340,-932,16516
11588851,27.71,37.88,-396,-904,16500
11589995,27.7,37.83,-336,-976,16452
11590997,27.7,37.81,-324,-964,16484
11591998,27.69,37.81,-336,-1000,16520
11593000,27.72,37.7,-356,-920,16416
11594001,27.71,37.82,-352,-940,16480
11595002,27.69,37.78,-340,-920,16500
11596003,27.71,37.79,-344,-928,16392
11597005,27.71,37.8,-172,-872,16528
11598006,27.7,37.78,-356,-956,16456
11599007,27.7,37.81,-356,-972,16504
11600009,27.7,37.8,-320,-904,16456
11601010,27.72,37.81,-348,-928,16456
11602012,27.73,37.84,-304,-944,16396
11603013,27.72,37.83,-356,-940,16440
11604015,27.71,37.81,-328,-952,16380
11605016,27.72,37.78,-324,-1036,16456
11606018,27.71,37.85,-376,-964,16476
11607019,27.73,37.85,-360,-928,16496
11608021,27.72,37.85,-368,-952,16448
11609022,27.73,37.87,-324,-952,16420
11610024,27.74,37.76,-328,-876,16436
11611168,27.72,37.76,-296,-948,16460
11612170,27.71,37.77,-324,-960,16372
11613171,27.72,37.81,-312,-988,16520
11614173,27.71,37.73,-412,-924,16564
11615174,27.73,37.78,-296,-856,16544
11616176,27.72,37.77,-356,-948,16544
11617177,27.7,37.8,-308,-992,16556
11618179,27.71,37.82,-340,-916,16428
11619181,27.71,37.81,-352,-908,16444
11620182,27.72,37.82,-380,-1004,16496
11621184,27.7,37.86,-348,-984,16488
11622185,27.72,37.85,-380,-948,16500
11623187,27.7,37.84,-312,-936,16536
11624188,27.7,37.94,-336,-980,16468
11625190,27.71,37.94,-356,-948,16468
11626191,27.7,37.94,-332,-980,16492
11627193,27.74,37.84,-356,-972,16428
11628337,27.73,38.03,-372,-964,16400
11629339,27.71,38.04,-356,-992,16472
11630341,27.72,37.94,-328,-944,16388
11631342,27.7,38.12,-368,-896,16444
11632344,27.72,38.13,-376,-1024,16512
11633345,27.72,38.07,-300,-976,16544
11634346,27.72,38.2,-304,-1000,16372
11635348,27.73,38.16,-336,-912,16424
11636349,27.72,38.1,-352,-888,16488
11637351,27.73,38.15,-412,-956,16404
11638352,27.72,38.15,-364,-936,16360
11639354,27.72,38.09,-348,-920,16512
11640355,27.73,38.19,-388,-944,16544
11641357,27.74,38.12,-324,-928,16456
11642358,27.73,38.1,-324,-952,16448
11643360,27.73,37.98,-312,-968,16540
11644361,27.71,38.05,-360,-972,16564
11645506,27.73,38.04,-404,-960,16460
11646507,27.73,37.92,-372,-1012,16452
11647509,27.74,37.85,-264,-900,16536
11648510,27.72,38.02,-344,-900,16552
11649511,27.73,38.0,-388,-884,16392
11650513,27.73,37.82,-336,-976,16428
11651514,27.73,37.86,-332,-948,16508
11652515,27.71,37.83,-284,-960,16472
11653517,27.72,37.85,-384,-920,16496
11654518,27.74,37.82,-372,-912,16560
11655520,27.74,37.96,-388,-1004,16420
11656521,27.75,38.21,-372,-964,16496
11657523,27.77,38.56,-344,-900,16484
11658524,27.76,38.55,-308,-904,16528
11659525,27.77,38.78,-340,-948,16512
11660527,27.75,38.89,-352,-948,16484
11661528,27.76,38.94,-384,-996,16432
11662530,27.77,38.91,-356,-980,16408
11663674,27.76,38.82,-332,-952,16424
11664676,27.78,38.87,-352,-924,16372
11665677,27.77,38.95,-328,-888,16524
11666678,27.77,38.72,-372,-1008,16456
11667680,27.76,38.65,-304,-944,16372
11668681,27.76,38.64,-368,-924,16436
11669683,27.76,38.58,-376,-948,16436
11670684,27.76,38.49,-356,-888,16408
11671686,27.76,38.49,-376,-920,16396
11672687,27.77,38.46,-316,-844,16376
11673688,27.78,38.32,-416,-1024,16480
11674690,27.76,38.3,-316,-900,16516
11675691,27.77,38.39,-316,-912,16444
11676692,27.77,38.52,-424,-948,16424
11677694,27.76,38.44,-364,-960,16512
11678695,27.78,38.5,-332,-972,16416
11679696,27.78,38.4,-344,-916,16456
11680698,27.75,38.45,-352,-1000,16448
11681699,27.75,38.35,-312,-936,16372
11682701,27.76,38.39,-320,-960,16324
11683845,27.76,38.45,-360,-960,16632
11684847,27.77,38.41,-312,-984,16468
11685848,27.77,38.25,-368,-1004,16416
11686850,27.77,38.19,-276,-964,16484
11687851,27.78,38.27,-356,-992,16492
11688852,27.78,38.08,-416,-1016,16428
11689854,27.76,38.17,-340,-892,16364
11690855,27.76,38.1,-308,-948,16456
11691857,27.77,38.06,-420,-948,16512
11692858,27.74,37.96,-320,-960,16396
11693859,27.77,38.09,-304,-916,16416
11694861,27.76,38.01,-296,-976,16584
11695862,27.74,37.96,-324,-1040,16400
11696863,27.76,37.86,-296,-916,16476
11697865,27.74,37.99,-372,-984,16436
11698866,27.73,37.82,-328,-976,16396
11699868,27.75,37.91,-404,-940,16448
11700869,27.74,38.01,-364,-884,16520
11701871,27.76,37.92,-312,-960,16520
11702872,27.75,37.93,-376,-904,16484
11703874,27.77,37.89,-324,-916,16384
11704875,27.78,38.16,-304,-916,16468
11705876,27.77,38.36,-352,-884,16524
11707021,27.78,38.53,-328,-972,16472
11708022,27.79,38.55,-384,-996,16480
11709023,27.79,38.47,-336,-888,16412
11710025,27.78,38.47,-356,-948,16492
11711026,27.81,38.55,-376,-900,16484
11712027,27.79,38.52,-356,-992,16608
11713029,27.78,38.64,-344,-1016,16496
11714030,27.79,38.78,-348,-948,16468
11715032,27.77,38.71,-344,-956,16452
11716033,27.8,38.72,-328,-1012,16396
11717035,27.79,38.67,-372,-1004,16548
11718036,27.8,38.65,-324,-936,16460
11719038,27.82,38.73,-392,-904,16436
11720039,27.81,38.74,-336,-992,16656
11721040,27.81,38.65,-400,-896,16432
11722185,27.81,38.81,-348,-952,16484
11723186,27.81,38.74,-324,-972,16396
11724188,27.8,38.8,-348,-976,16460
11725189,27.79,39.01,-380,-920,16572
11726190,27.83,39.12,-372,-956,16528
11727192,27.82,39.04,-320,-920,16528
11728193,27.81,39.18,-396,-860,16468
11729195,27.81,39.08,-332,-916,16440
11730196,27.81,38.94,-360,-944,16388
11731197,27.82,38.96,-324,-908,16384
11732199,27.82,39.02,-344,-992,16384
11733200,27.83,39.02,-404,-920,16524
11734202,27.83,38.97,-308,-968,16544
11735203,27.82,38.95,-320,-928,16464
11736204,27.82,38.92,-356,-956,16476
11737206,27.84,38.92,-376,-968,16404
11738207,27.81,38.87,-348,-956,16492
11739351,27.83,38.86,-336,-912,16408
11740353,27.83,38.75,-368,-924,16476
11741354,27.82,38.7,-244,-976,16424
11742356,27.82,38.81,-368,-1024,16420
11743357,27.83,38.76,-332,-936,16412
11744359,27.84,38.78,-296,-940,16492
11745360,27.82,38.71,-368,-924,16444
11746362,27.82,38.67,-324,-972,16580
11747363,27.82,38.68,-368,-944,16428
11748364,27.83,38.67,-344,-948,16476
11749366,27.85,38.64,-344,-860,16404
11750367,27.83,38.58,-360,-956,16512
11751368,27.81,38.51,-352,-892,16384
11752370,27.82,38.54,-360,-1016,16492
11753371,27.82,38.48,-360,-960,16540
11754516,27.83,38.43,-420,-920,16528
11755517,27.81,38.24,-380,-972,16496
11756519,27.82,38.31,-316,-988,16576
11757520,27.83,38.28,-376,-940,16400
11758521,27.83,38.12,-368,-956,16504
11759523,27.84,38.29,-272,-936,16444
11760524,27.83,38.2,-348,-948,16432
11761526,27.83,38.29,-384,-884,16544
11762527,27.82,38.21,-312,-900,16468
11763528,27.84,38.24,-304,-864,16532
11764530,27.82,38.21,-340,-1000,16440
11765531,27.82,38.2,-352,-936,16560
11766533,27.81,38.15,-320,-952,16412
11767534,27.81,38.1,-356,-968,16504
11768535,27.8,37.93,-340,-980,16488
11769537,27.8,38.03,-324,-932,16452
11770538,27.81,38.01,-336,-1036,16412
11771540,27.81,37.97,-360,-936,16340
11772541,27.8,37.95,-420,-1024,16412
11773543,27.8,37.91,-312,-844,16464
11774687,27.79,37.93,-292,-972,16416
11775689,27.8,37.94,-320,-844,16424
11776690,27.8,38.09,-352,-944,16504
11777691,27.79,38.11,-352,-1016,16564
11778693,27.82,38.18,-312,-992,16480
11779694,27.8,38.23,-328,-980,16552
11780695,27.8,38.19,-264,-972,16376
11781697,27.78,38.01,-348,-932,16592
11782698,27.82,38.03,-328,-1020,16532
11783700,27.79,38.07,-308,-996,16488
11784701,27.8,38.08,-328,-992,16556
11785703,27.81,38.07,-356,-988,16476
11786704,27.81,38.07,-360,-940,16420
11787705,27.79,38.08,-320,-984,16576
11788707,27.8,37.94,-312,-912,16428
11789708,27.83,37.93,-356,-920,16548
11790709,27.81,37.86,-356,-968,16560
11791711,27.79,38.0,-392,-916,16512
11792712,27.81,38.07,-352,-952,16456
11793714,27.82,38.0,-344,-984,16424
11794715,27.81,38.11,-356,-904,16380
11795717,27.81,38.12,-340,-884,16572
11796718,27.8,37.93,-364,-852,16520
11797719,27.78,38.07,-400,-948,16440
11798721,27.77,38.01,-360,-976,16432
11799865,27.78,37.89,-336,-1048,16520
11800867,27.76,37.98,-312,-1008,16504
11801868,27.78,37.82,-328,-928,16404
11802870,27.77,37.87,-312,-1000,16488
11803871,27.77,37.94,-388,-940,16460
11804872,27.78,37.9,-344,-988,16420
11805874,27.76,37.91,-332,-976,16568
11806875,27.76,37.89,-344,-900,16412
11807877,27.76,37.85,-324,-936,16348
11808878,27.75,37.72,-340,-932,16420
11809879,27.75,37.86,-340,-896,16580
11810881,27.73,37.86,-308,-904,16372
11811882,27.75,37.88,-368,-932,16400
11812884,27.74,37.87,-444,-1040,16436
11813885,27.73,37.86,-308,-976,16452
11814887,27.74,37.84,-352,-976,16408
11815888,27.72,37.77,-348,-1000,16484
11816889,27.72,37.77,-360,-940,16452
11817891,27.73,37.82,-316,-984,16540
11818892,27.72,37.79,-364,-1044,16488
11820037,27.72,37.84,-300,-944,16416
11821038,27.72,37.8,-372,-944,16532
11822039,27.72,37.83,-368,-892,16360
11823041,27.71,37.68,-364,-952,16516
11824042,27.71,37.87,-372,-964,16416
11825044,27.71,37.8,-340,-972,16488
11826045,27.72,37.73,-336,-976,16536
11827046,27.72,37.85,-328,-948,16468
11828048,27.72,37.86,-312,-984,16400
11829049,27.72,37.84,-240,-996,16432
11830051,27.7,37.81,-340,-964,16544
11831052,27.71,37.71,-400,-980,16404
11832054,27.71,37.84,-340,-960,16364
11833055,27.7,37.84,-344,-924,16420
11834057,27.71,37.8,-332,-1000,16524
11835058,27.71,37.84,-384,-1016,16548
11836203,27.73,37.7,-372,-916,16464
11837204,27.71,37.72,-280,-916,16420
11838206,27.7,37.83,-348,-984,16424
11839207,27.68,37.71,-352,-996,16528
11840208,27.69,37.87,-304,-920,16460
11841210,27.7,37.85,-380,-944,16488
11842211,27.69,37.68,-364,-944,16460
11843213,27.69,37.86,-384,-992,16508
11844214,27.68,37.74,-356,-972,16420
11845216,27.7,37.85,-380,-972,16504
11846217,27.66,37.84,-316,-960,16416
11847218,27.67,37.81,-332,-988,16460
11848220,27.69,37.76,-372,-960,16508
11849221,27.67,37.93,-356,-992,16396
11850222,27.71,38.02,-236,-924,16416
11851224,27.7,38.18,-336,-964,16492
11852225,27.69,38.17,-296,-1000,16624
11853370,27.7,38.14,-436,-1004,16424
11854371,27.7,38.19,-368,-912,16532
11855373,27.7,38.13,-132,-2916,18316
11856374,28.85,39.06,-532,-1056,16376
11857376,30.21,40.09,-480,-1004,16468
11858377,30.85,41.13,-548,-1020,16336
11859378,31.28,42.35,-472,-1088,16448
11860380,31.6,43.41,-468,-984,16448
11861381,31.89,44.41,-512,-1044,16448
11862383,32.08,45.35,-488,-1028,16436
11863384,32.26,46.23,-496,-1012,16400
11864385,32.41,47.03,-528,-996,16504
11865387,32.49,47.76,-480,-1040,16492
11866388,32.6,48.4,-504,-1028,16476
11867390,32.69,49.14,-536,-1108,16392
11868391,32.74,49.78,-504,-1064,16460
11869393,32.83,50.39,-412,-1052,16404
11870394,32.87,50.94,-460,-1140,16524
11871396,32.95,51.42,-472,-992,16416
11872540,33.0,51.85,-720,-1172,16652
11873542,33.05,52.36,-416,-1064,16536
11874543,33.09,52.7,-520,-1008,16436
11875544,33.12,53.07,-436,-1092,16500
11876546,33.02,53.44,-300,-1044,16212
11877547,32.97,54.13,-520,-1004,16484
11878548,33.12,54.95,-408,-992,16444
11879550,33.2,55.42,-192,-980,16464
11880551,33.24,55.89,-140,-960,16340
11881553,33.27,56.19,-160,-988,16532
11882554,33.26,56.52,-368,-868,16520
11883555,33.28,56.84,-228,-880,16480
11884557,33.27,57.08,-24,-944,16404
11885559,33.3,57.35,-16,-872,16424
11886560,33.3,57.57,4,-888,16616
11887561,33.31,57.72,-76,-868,16544
11888563,33.3,58.01,-92,-920,16544
11889564,33.3,58.25,-232,-936,16372
11890565,33.31,58.47,-196,-916,16504
11891567,33.3,58.65,-176,-944,16464
11892568,33.3,58.84,-320,-884,16468
11893570,33.24,59.15,-544,-884,16488
11894571,33.22,59.39,-492,-884,16476
11895572,33.16,59.61,-488,-956,16544
11896717,33.14,60.0,-532,-936,16420
11897718,33.2,60.28,548,-256,16848
11898720,33.26,60.39,-356,-1368,16404
11899721,33.32,60.61,-352,-1416,16292
11900723,33.34,60.76,-564,-1312,16404
11901724,33.31,60.89,-796,-1636,16260
11902726,33.32,61.02,-432,-1192,16476
11903727,33.31,61.14,-428,-1236,16408
11904728,33.32,61.26,-244,-1144,16560
11905730,33.35,61.41,-224,-1228,16464
11906731,33.32,61.52,-504,-1132,16632
11907733,33.35,61.57,-364,-1136,16424
11908734,33.33,61.67,-352,-1200,16268
11909735,33.34,61.8,-460,-1212,16468
11910737,33.34,61.87,-412,-1136,16420
11911738,33.33,62.04,-436,-1108,16508
11912740,33.3,62.18,-460,-1044,16436
11913741,33.31,62.29,-448,-1124,16412
11914743,33.17,61.9,-192,-836,16500
11915744,32.93,59.63,-280,-804,16380
11916889,33.05,59.18,-580,-916,16420
11917890,33.22,59.74,-556,-892,16460
11918891,33.19,60.54,-144,-740,16212
11919893,32.88,58.53,-268,-636,16436
11920894,32.73,56.74,-488,-500,16632
11921895,32.75,56.4,-28,-728,15932
11922897,33.12,56.62,-576,-812,16480
11923898,33.21,56.97,-624,-756,16540
11924900,33.21,57.99,-596,-832,16436
11925901,33.42,59.17,-704,-780,16464
11926903,33.52,60.36,-584,-748,16532
11927904,33.61,61.52,-640,-780,16420
11928906,33.67,62.51,-632,-784,16520
11929907,33.7,63.32,-684,-844,16396
11930909,33.75,63.9,-624,-752,16452
11931910,33.78,64.48,-664,-820,16476
11932911,33.83,65.09,-596,-748,16396
11934056,33.86,65.63,-576,-828,16376
11935057,33.92,66.15,-656,-796,16504
11936059,33.93,66.65,-648,-800,16404
11937060,33.72,65.29,-496,-732,16552
11938062,33.54,62.53,-536,-804,16396
11939063,33.36,59.87,-568,-712,16436
11940064,33.19,57.45,-548,-740,16404
11941066,33.07,55.28,-520,-720,16504
11942067,32.96,53.23,-572,-680,16408
11943069,32.82,51.31,-556,-632,16448
11944070,32.71,49.71,-556,-680,16448
11945072,32.58,48.18,-580,-740,16424
11946073,32.45,46.8,-584,-748,16560
11947074,32.34,45.61,-548,-744,16528
11948076,32.25,44.46,-544,-700,16420
11949220,32.13,43.28,-532,-704,16508
11950222,32.02,42.38,-620,-780,16432
11951223,31.91,41.53,-604,-676,16468
11952224,31.82,40.72,-564,-672,16340
11953226,31.73,40.03,-552,-688,16528
11954227,31.62,39.4,-516,-756,16456
11955229,31.52,38.81,-596,-760,16500
11956230,31.46,38.31,-592,-704,16476
11957232,31.36,37.91,-604,-672,16500
11958233,31.32,37.61,-604,-684,16396
11959235,31.27,37.28,-512,-696,16376
11960236,31.18,36.94,-536,-768,16420
11961238,31.13,36.63,-572,-704,16516
11962239,31.07,36.33,-520,-708,16452
11963240,31.03,36.0,-580,-740,16512
11964242,30.95,35.9,-612,-736,16488
11965243,30.87,35.52,-572,-680,16416
11966388,30.83,35.47,-596,-728,16436
11967389,30.76,35.32,-512,-672,16504
11968391,30.69,35.14,-492,-736,16496
11969392,30.63,34.92,-556,-728,16496
11970394,30.61,34.86,-588,-672,16548
11971395,30.55,34.81,-524,-720,16372
11972397,30.5,34.8,-572,-648,16524
11973398,30.47,34.68,-548,-612,16456
11974400,30.41,34.72,-580,-720,16312
11975401,30.4,34.93,-548,-644,16432
11976402,30.35,34.98,-552,-756,16340
11977404,30.3,35.2,-628,-696,16472
11978405,30.27,35.4,-532,-632,16508
11979407,30.24,35.45,-568,-732,16512
11980408,30.21,35.71,-540,-696,16568
11981410,30.17,35.85,-552,-768,16444
11982411,30.13,35.81,-496,-624,16500
11983412,30.09,35.81,-564,-680,16616
11984414,30.04,35.85,-712,-796,16592
11985415,30.0,35.85,-508,-700,16580
11986417,29.95,35.74,-604,-688,16448
11987418,29.91,35.64,-536,-716,16436
11988419,29.87,35.5,-464,-628,16468
11989421,29.83,35.49,-536,-732,16520
11990565,29.76,35.44,-556,-644,16512
11991567,29.73,35.28,-532,-656,16424
11992568,29.72,35.31,-568,-628,16448
11993570,29.69,35.5,-780,-664,16532
11994571,29.67,35.68,-676,-948,16244
11995572,29.77,37.45,-612,-800,16564
11996574,29.77,38.64,-764,-804,16504
11997575,29.75,39.16,-712,-804,16588
11998577,29.78,40.42,-724,-828,16476
11999578,29.76,40.51,-744,-840,16480
12000580,29.72,40.13,-748,-808,16536
12001581,29.71,40.17,-708,-836,16504
12002583,29.75,41.39,-732,-888,16424
12003584,29.77,42.13,-684,-828,16512
12004585,29.75,42.04,-716,-832,16444
12005587,29.82,43.44,-660,-904,16420
12006588,29.81,44.68,-712,-820,16444
12007590,29.79,45.25,-660,-784,16424
12008591,29.8,45.19,-720,-892,16492
12009593,29.79,45.19,-720,-888,16656
12010595,29.81,45.53,-704,-904,16444
12011596,29.84,45.75,-728,-864,16428
12012741,29.83,45.34,-768,-876,16460
12013742,29.9,46.26,-688,-852,16392
12014743,29.87,46.94,-696,-868,16404
12015745,29.88,47.36,-744,-872,16388
12016746,29.84,46.9,-748,-864,16440
12017748,29.79,46.22,-736,-772,16384
12018749,29.78,45.79,-724,-872,16528
12019750,29.81,45.55,-788,-920,16500
12020752,29.79,45.02,-768,-876,16536
12021753,29.76,44.36,-716,-920,16536
12022755,29.72,43.67,-664,-820,16504
12023756,29.69,43.1,-680,-860,16520
12024758,29.65,42.57,-752,-896,16488
12025759,29.63,42.04,-744,-816,16564
12026818,-50.0,0.0,-724,-800,16468
12027833,29.57,41.06,-728,-844,16336
12028791,29.58,41.2,-728,-872,16436
12029870,-50.0,0.0,-712,-888,16492
12030786,29.6,40.7,-752,-892,16448
12031823,-50.0,0.0,-724,-844,16452
12032824,29.64,40.43,-784,-808,16508
12033825,29.62,40.07,-708,-796,16552
12034826,29.66,39.88,-724,-832,16376
12035828,29.68,39.65,-716,-904,16464
12036928,29.86,41.8,-716,-1048,16416
12037900,-50.0,0.0,-672,-1044,16372
12038880,30.02,45.68,-560,-932,16548
12039882,29.99,45.93,-652,-992,16488
12040883,30.05,46.25,-704,-940,16388
12042028,30.1,47.78,-712,-924,16352
12042964,30.05,47.5,-736,-952,16452
12043957,30.09,47.97,-632,-1000,16568
12044959,30.18,49.51,-780,-980,16412
12046060,-50.0,0.0,-720,-952,16360
12047032,-50.0,0.0,-708,-952,16420
12048033,30.3,50.71,-708,-872,16524
12049035,30.29,51.02,-736,-924,16492
12050036,30.37,51.9,-768,-940,16436
12051038,30.39,52.43,-712,-992,16420
12052039,30.36,51.61,-700,-952,16424
12053141,30.33,50.49,-672,-972,16476
12054099,-50.0,0.0,-772,-988,16464
12055158,-50.0,0.0,-736,-912,16436
12056138,30.76,51.84,-780,-932,16456
12057197,30.59,53.48,-720,-900,16472
12058198,30.51,52.58,-712,-948,16456
12059200,30.48,51.23,-684,-972,16548
12060180,30.46,50.89,-740,-896,16424
12061238,-50.0,0.0,-724,-936,16400
12062232,30.43,49.62,-788,-940,16488
12063147,30.45,48.98,-740,-948,16436
12064184,30.65,52.5,-744,-884,16408
12065164,-50.0,0.0,-748,-884,16520
12066165,30.55,52.21,-764,-992,16444
12067310,30.59,52.82,-812,-932,16548
12068311,30.65,53.52,-788,-1004,16404
12069290,31.6,55.16,-808,-1116,16312
12070291,31.37,55.13,-536,-916,16524
12071249,-50.0,0.0,-588,-1040,16364
12072329,31.28,53.97,-836,-1056,16352
12073309,31.28,53.59,-608,-1168,16512
12074311,31.27,53.47,-720,-1172,16252
12075312,31.3,53.07,-696,-928,16520
12076313,31.33,53.11,-724,-892,16464
12077315,32.2,54.58,-712,-980,16472
12078294,32.49,55.88,-704,-992,16448
12079295,32.47,56.77,-812,-956,16456
12080297,32.74,57.24,-712,-920,16428
12081298,33.0,57.89,-748,-920,16432
12082300,32.59,57.61,-712,-924,16416
12083444,32.38,56.81,-712,-932,16440
12084445,32.28,55.69,-808,-1028,16456
12085447,32.34,55.57,-728,-968,16532
12086448,32.25,55.17,-544,-1052,16392
12087450,32.21,53.89,-700,-1016,16492
12088451,32.18,53.4,-804,-924,16404
12089453,32.16,52.91,-700,-952,16364
12090454,32.16,52.97,-708,-932,16424
12091456,32.16,53.75,-732,-980,16568
12092457,32.02,53.74,-736,-976,16372
12093458,32.0,52.91,-828,-1140,16360
12094460,31.97,52.04,-764,-920,16440
12095461,31.96,51.43,-1196,-4088,17140
12096462,31.93,50.45,1040,7632,15100
12097464,31.92,49.5,1080,-1884,16776
12098465,31.88,48.64,244,-880,19284
12099467,31.86,47.83,-100,-10156,11900
12100468,31.82,47.03,5136,-3276,14772
12101469,31.83,46.79,4440,-13712,20160
12102471,31.82,47.14,-2800,-6136,32767
12103472,31.78,46.85,-7756,-2116,-2112
12104474,31.74,46.27,1184,-2404,15440
12105618,31.68,45.33,7664,-5892,24696
12106620,31.59,44.47,1244,-2612,5472
12107622,31.52,43.62,-1392,-1496,14212
12108623,31.49,42.88,-3220,-1936,1472
12109624,31.46,42.22,7936,-196,6964
12110626,31.42,41.5,9404,-324,11296
12111627,31.34,40.94,1336,-4192,18316
810331,27.73,39.02,-4476,-428,15856
811333,27.79,39.07,-4424,-408,15984
812335,27.81,39.09,-4416,-424,15896
813336,27.83,39.13,-4420,-512,15788
814338,27.83,39.42,-4452,-452,15880
815339,27.83,39.65,-4392,-428,15764
816484,27.83,39.55,-4384,-388,15928
817485,27.84,39.51,-4424,-392,15864
818486,27.84,39.48,-4460,-464,15912
819488,28.32,40.26,-4484,-624,15932
820489,29.49,41.79,-4488,-652,15892
821491,29.97,43.12,-4520,-576,15808
822492,31.56,44.39,-4528,-600,15916
823493,32.52,45.15,-4480,-624,15848
824495,33.09,45.85,-4492,-612,15900
825497,33.45,46.35,-4492,-604,15828
826498,33.73,46.75,-4476,-644,15860
827500,33.97,47.17,-4472,-628,15900
828501,34.13,47.55,-4440,-608,15852
829502,34.23,47.89,-4500,-644,15756
830504,34.36,48.15,-4388,-684,15916
831505,34.42,48.48,-4500,-688,15768
832506,34.52,48.71,-4484,-672,15780
833651,34.57,48.98,-4488,-668,15852
834653,34.66,49.23,-4488,-644,15752
835654,34.71,49.46,-4536,-696,15900
836656,34.77,49.67,-4532,-696,15780
837657,34.78,49.87,-4524,-708,15860
838659,34.82,50.01,-4568,-692,15924
839660,34.88,50.12,-4500,-660,15872
840662,34.89,50.34,-4504,-744,15928
841663,34.92,50.56,-4544,-612,15836
842664,34.97,50.74,-4604,-736,15904
843666,34.96,50.87,-4536,-636,15824
844667,35.0,51.04,-4532,-680,15896
845669,35.02,51.22,-4560,-684,15864
846670,35.05,51.37,-4508,-684,15900
847672,35.07,51.5,-4512,-636,15888
848673,35.09,51.63,-4532,-660,15928
849818,35.13,51.8,-4532,-688,15892
850819,35.16,51.9,-4516,-628,15840
851820,35.03,52.14,-4276,-768,15792
852822,34.85,53.58,-4556,-728,15712
853823,34.73,54.2,-4672,-768,15812
854825,34.61,55.58,-4560,-768,15768
855805,34.51,55.78,-4608,-776,15784
856807,34.43,54.64,-4740,-836,15844
857808,34.43,54.35,-4684,-816,15856
858809,34.4,53.98,-4712,-764,15872
859811,34.31,52.72,-4700,-788,15764
860812,34.19,50.71,-4680,-784,15776
861956,34.08,48.63,-4676,-768,15796
862958,33.97,47.0,-4620,-776,15832
863959,33.87,45.39,-4676,-808,15728
864961,33.78,44.15,-4648,-856,15864
865962,33.64,45.62,-4592,-848,15900
866963,33.58,47.72,-4612,-824,15808
867965,33.56,48.05,-4640,-852,15864
868966,33.53,46.85,-4644,-856,15800
869968,33.53,45.57,-4652,-852,15820
870969,33.5,44.38,-4644,-836,15756
871971,33.66,45.43,-4640,-776,15788
872972,33.68,48.18,-4648,-748,15824
873974,33.69,50.67,-4688,-700,15796
874975,33.4,50.83,-4688,-776,15756
875976,33.31,51.49,-4736,-772,15840
876978,33.13,51.57,-4624,-732,15788
877979,33.09,51.84,-4716,-740,15788
878980,32.96,51.41,-4612,-784,15836
880125,33.53,53.42,-4708,-744,15808
881126,33.68,55.18,-4736,-716,15736
882128,33.82,56.55,-4732,-764,15892
883129,33.9,57.99,-4712,-776,15792
884131,33.99,59.2,-4700,-800,15816
885132,34.05,60.24,-4788,-664,15668
886134,34.07,61.17,-4776,-724,15708
887135,33.73,61.59,-4788,-704,15856
888136,33.6,62.42,-4788,-628,15744
889138,33.65,63.21,-4756,-564,15704
890139,33.71,63.96,-4816,-704,15704
891140,33.75,64.68,-4852,-648,15612
892142,33.67,64.73,-4788,-568,15664
893143,33.57,62.73,-4632,-396,15708
894145,33.55,61.37,-4788,-672,15796
895146,33.49,59.33,-4796,-680,15792
896148,33.41,58.12,-4800,-676,15752
897150,33.48,58.85,-4796,-612,15628
898151,33.59,59.7,-4736,-568,15772
899153,33.66,60.66,-4876,-632,15704
900154,33.71,61.68,-4824,-620,15692
901156,33.76,62.54,-4840,-688,15748
902157,33.82,63.41,-4812,-668,15656
903159,33.87,64.23,-4848,-636,15672
904303,33.94,64.98,-4808,-704,15820
905305,33.97,65.65,-4792,-660,15712
906306,34.02,66.28,-4816,-688,15768
907308,34.06,66.84,-4844,-676,15780
908309,34.07,67.34,-4804,-688,15776
909311,34.1,67.82,-4860,-672,15788
910312,34.11,68.33,-4796,-756,15712
911314,34.11,68.92,-4800,-640,15724
912315,34.13,69.45,-4864,-684,15672
913317,34.15,69.95,-4804,-692,15652
914318,34.0,69.8,-4788,-696,15644
915319,33.76,68.75,-4800,-656,15788
916320,33.67,67.54,-4784,-672,15784
917322,33.53,65.98,-4868,-656,15844
918323,33.45,63.8,-4848,-704,15828
919325,33.39,63.28,-4832,-644,15804
920326,33.29,61.78,-4740,-704,15712
921328,33.22,60.79,-4812,-736,15688
922329,33.22,59.31,-4728,-620,15812
923331,33.17,59.88,-4832,-636,15844
924454,33.24,60.28,-4776,-652,15796
925456,33.44,60.72,-4784,-708,15756
926457,33.57,61.36,-4772,-700,15844
927459,33.69,61.9,-4784,-628,15692
928460,33.75,62.36,-4976,-704,15716
929461,33.82,63.0,-4840,-556,15756
930463,33.84,63.68,-5056,-680,15604
931464,33.83,64.01,-5028,-348,15604
932465,33.98,64.56,-5060,-380,15800
933467,34.06,64.95,-4956,-416,15788
934468,34.16,65.51,-5004,-384,15672
935469,34.21,65.89,-5000,-456,15768
936471,34.27,66.29,-4936,-384,15704
937472,34.33,66.67,-4928,-416,15640
938474,34.36,66.99,-5004,-404,15672
939618,34.38,67.28,-4928,-440,15816
940619,34.41,67.46,-4976,-424,15728
941621,34.43,67.85,-5012,-448,15792
942622,34.46,68.1,-4936,-452,15708
943624,34.28,67.55,-4960,-424,15800
944625,34.04,67.52,-4948,-416,15776
945626,33.94,66.03,-4968,-440,15704
946628,33.76,65.29,-5028,-488,15736
947629,33.63,64.01,-4940,-380,15708
948630,33.61,62.34,-5036,-456,15764
949631,33.43,62.13,-5028,-460,15728
950633,33.43,60.85,-4956,-368,15776
951634,33.3,60.46,-4988,-436,15880
952636,33.2,59.75,-5020,-440,15668
953637,33.17,59.17,-4992,-440,15752
954638,33.03,59.13,-5036,-444,15708
955783,32.95,57.17,-5140,-656,16024
956785,32.87,57.04,-4952,-524,15748
957786,32.79,56.36,-4980,-564,15804
958787,32.69,55.84,-4920,-528,15752
959789,32.64,55.34,-4912,-452,15796
960790,32.56,54.75,-4968,-428,15728
961791,32.54,53.62,-4908,-512,15656
962793,32.52,52.39,-4996,-468,15736
963794,32.46,51.07,-5060,-516,15672
964795,32.37,49.85,-5028,-556,15704
965797,32.32,48.62,-4992,-464,15780
966798,32.32,48.13,-5064,-476,15696
967800,32.28,47.4,-4952,-468,15756
968801,32.23,46.22,-5060,-556,15724
969946,32.16,44.97,-4960,-500,15768
970947,32.08,44.05,-5028,-480,15784
971949,32.03,43.15,-4980,-472,15748
972950,31.94,42.3,-5208,-388,15928
973952,31.87,41.57,-5540,-164,15884
974953,31.82,40.76,-4984,-488,15712
975954,31.7,40.44,-4896,-588,15692
976956,31.63,39.97,-4928,-616,15712
977957,31.59,39.47,-4956,-516,15696
978958,31.54,38.9,-4988,-484,15636
979960,31.5,38.62,-4964,-532,15596
980961,31.45,38.17,-4988,-460,15756
981962,31.35,38.11,-4992,-496,15732
982964,31.3,37.85,-5020,-584,15644
983965,31.28,37.52,-5044,-484,15636
984966,31.23,37.74,-4904,-520,15708
985968,31.18,37.54,-5020,-436,15780
987112,31.16,37.36,-5060,-496,15716
988114,31.19,40.28,-4904,-496,15632
989115,31.14,41.73,-5044,-448,15700
990074,31.08,41.57,-5000,-380,15756
991075,31.05,41.09,-9000,-3220,11812
992077,31.01,40.64,-10248,-76,12968
993078,31.04,40.58,-11992,472,448
994080,31.03,40.14,1156,-13036,1736
995081,31.09,40.17,-872,92,20060
996083,31.11,40.54,-4088,-3752,18212
997063,31.21,42.0,-5476,-9324,13388
998064,31.18,41.71,-1896,9016,11416
999209,31.14,41.13,-12860,-1064,7828
1000210,31.11,40.54,-3928,5676,3872
1001212,31.07,40.06,-5228,-6592,14240
1002213,31.05,39.56,-7260,-3132,16400
1003214,31.02,39.18,-8268,-13228,976
1004216,30.96,38.71,11444,-9428,3568
1005217,30.95,38.41,5372,-7296,7556
1006219,30.92,38.02,2440,-14220,7136
1007220,30.89,37.83,-2068,-17280,6400
1008222,30.86,37.36,11864,-1352,-4824
1009223,30.83,37.25,11340,6252,12748
1010224,30.79,37.02,-6040,-3444,13216
1011226,30.78,36.82,-2464,-18888,16428
1012227,30.73,36.63,-9744,-1116,18228
1013228,30.73,36.49,-1692,7200,-14388
1014229,30.68,36.32,-10748,11192,-2056
1015230,30.64,36.15,-6488,13284,-712
1016232,30.62,35.96,-18620,-836,2388
1017233,30.58,35.88,-15588,4088,1052
1018234,30.53,35.8,-14564,-292,5912
1019236,30.49,35.66,-25040,-32768,6504
1020237,30.49,35.56,-8940,-3108,12056
1021239,30.45,35.54,-11312,3332,18316
1022384,30.43,35.42,-6888,4164,15068
1023385,30.4,35.4,-10896,-5636,9940
1024387,30.39,35.24,-8452,-100,6444
1025388,30.63,35.62,-10844,-5896,11724
1026390,31.98,36.58,-10612,-4276,13572
1027391,32.51,37.44,-9304,-1896,11972
1028393,32.76,38.27,-10820,-2464,9168
1029394,32.8,39.34,-9972,496,14084
1030396,32.57,40.42,-8216,-740,13848
1031397,32.39,41.14,-7100,5776,15308
1032399,32.2,40.74,-7024,-612,13808
1033400,32.04,40.05,-6420,764,14460
1034402,31.94,39.31,-6704,-4,14996
1035403,31.83,38.86,-9096,-9120,11356
1036405,31.77,38.36,-10184,1988,11760
1037406,31.66,37.91,-11844,-1448,12460
1038408,31.59,37.5,4464,-11600,14800
1039552,31.5,37.06,-4148,-2432,19940
1040554,31.41,36.72,10708,-8472,12184
1041555,31.34,36.35,-3272,-16608,-7424
1042557,31.24,36.17,700,5796,14764
1043558,31.17,35.82,-920,-10404,14272
1044560,31.12,35.74,-5816,-5588,15608
1045561,31.08,35.55,2408,15272,6680
1046563,31.04,35.43,-72,15564,6408
1047564,31.01,35.28,-820,-9256,14572
1048566,30.95,35.01,2204,-15812,1780
1049568,30.94,34.96,5404,14988,9140
1050569,30.86,34.93,-596,-13180,12056
1051570,30.8,34.82,2880,-11648,18340
1052572,30.77,34.72,712,-15860,2304
1053573,30.73,34.75,-444,-16296,-1924
1054575,30.66,34.61,-500,16104,-3100
1055576,30.63,34.47,3416,-20604,5740
1056721,30.55,34.6,480,-17048,5732
1057722,30.52,34.56,-192,15404,-1272
1058724,30.48,34.55,-272,15984,2176
1059725,30.46,34.51,-4496,7736,7952
1060727,30.42,34.41,-14792,3028,8052
1061728,30.35,34.38,-12776,-4620,9616
1062729,30.35,34.55,740,2724,15320
1063731,30.3,34.5,-7160,19544,11424
1064732,30.27,34.56,1652,15652,6576
1065733,30.27,34.49,-4912,-15384,4948
1066735,30.22,34.52,-1660,-16428,-2272
1067736,30.2,34.59,-1460,-16684,404
1068737,30.2,34.6,-12192,4068,7640
1069739,30.16,34.65,-3560,-9480,5240
1070740,30.12,34.5,-6960,22420,32767
1071885,30.08,34.62,-5768,-2880,6404
1072887,30.07,34.67,-11180,4252,8896
1073888,30.02,34.59,-6716,840,14740
1074890,29.98,34.69,-6724,1708,14976
1075891,29.95,34.73,-6652,1860,15056
1076893,29.91,34.71,-6604,1700,14936
1077894,29.91,34.77,-6608,1772,14920
1078895,29.88,34.81,-6500,1800,14984
1079897,29.87,34.89,-6492,1796,15012
1080898,29.85,35.22,-6536,1828,15052
1081900,29.86,35.51,-6524,1836,15152
1082901,29.83,35.76,-6492,1856,14944
1083902,29.81,35.63,-6496,1844,14848
1084904,29.77,35.91,-6588,1828,15028
1085905,29.74,35.95,-6556,1884,15060
1086907,29.74,35.97,-6496,1816,15080
1088051,29.69,36.1,-6504,1908,15012
1089053,29.66,36.12,-6468,1944,15008
1090054,29.66,36.23,-6508,1920,14936
1091056,29.63,36.21,-6524,1948,15024
1092057,29.59,36.29,-6500,1884,15012
1093059,29.59,36.33,-6520,1872,15060
1094060,29.56,36.31,-6492,1924,15068
1095062,29.53,36.42,-6504,1904,15000
1096063,29.51,36.37,-6488,1960,15072
1097065,29.49,36.3,-6340,1868,14968
1098066,29.49,36.35,-6488,1936,15036
1099068,29.47,36.38,-6468,1956,15048
1100069,29.45,36.56,-6412,1920,15004
1101071,29.43,36.56,-6468,1952,15064
1102072,29.42,36.64,-6456,2028,15056
1103073,29.41,36.69,-6476,1988,15004
1104075,29.38,36.68,-6468,1912,14996
1105076,29.38,36.63,-6488,1952,15008
